{"name":"IntersexAAB","seq":[{"i":[0],"y":[0,2.5],"t":[1,1,1,1,1,1,1,1,1,1,1,0,0,0,0,0,0,0,0,0,0,0,0]},{"i":[1,2],"y":[0,3],"t":[1,1,1,1,1,1,1,1,1,1,1,1,1,0,0,0,0,0,0,0,0,0,0],"from":[0,0]},{"i":[3,4],"y":[0,100],"t":[1,0,0,0,0,0,0,0,0,0,0,0,0,1,1,1,1,1,1,1,1,1,1]}],"type":"AgeCat","x":[18,92],"bins":[18,21,24,28,31,38,59,82],"xt":[20,30,40,50,60,70,80,90],"yt":[0,0.25,0.5,0.75,1,1.25,1.5,1.75,2,2.25,2.5,2.75,3,10,20,30,40,50,60,70,80,90,100],"z":1.64485,"series":[{"s":"Intersex","c":"black","l":[36.82067,1.18636],"n":[118,194,290,416,481,498,578,776,672,750,835,820,944,763,835,797,621,761,620,529,505,480,507,378,371,342,294,348,263,282,258,246,253,220,189,195,216,207,135,164,173,131,117,125,98,81,94,88,79,68,43,52,40,29,26,21,9,13,6,6,9,1,2,1,3,0,1,0,0,0,0,0,0,1],"p":[0,0,1,3,4,6,8,49,19,35,34,47,45,22,28,17,18,31,16,11,13,9,16,10,7,6,10,13,7,13,10,9,7,9,5,6,4,3,5,6,2,4,1,2,0,3,1,2,1,1,0,1,0,0,0,0,0,0,0,0,0,0,0,0,0,1,0,0,0,0,0,0,0,0],"N":[105.12106,165.35005,266.73684,375.18623,449.83085,444.59091,517.80365,304.16679,294.1196,330.04417,361.08806,375.40644,396.11322,334.96803,370.81134,350.6454,293.52891,546.61866,473.43696,411.13352,385.37557,351.44053,393.45726,278.0767,279.40221,261.76804,224.40728,258.27765,189.28326,217.12089,190.54178,184.07428,791.22164,716.42276,566.65475,573.37745,644.85523,629.14929,407.89711,476.75318,527.18746,380.91788,288.88365,379.53131,287.14755,276.02892,259.28014,242.94667,223.44123,167.3786,117.65139,158.82692,112.01153,82.70878,69.27489,74.82229,26.84381,54.45446,22.17239,16.86536,27.54751,3.77402,4.87399,3.61678,8.64801,0,3.61678,0,0,0,0,0,0,2.6578],"P":[0,0,0.41485,2.25992,3.12801,3.40221,3.72758,7.35531,2.96804,6.61978,6.95957,7.5858,7.86163,2.89588,6.18492,2.28737,3.62454,13.64348,7.12222,4.31076,2.76732,2.17739,4.24688,4.21468,6.51678,3.08763,3.75723,4.68241,1.18619,7.52317,3.42457,4.64459,15.09152,12.73093,5.18383,16.66093,2.90981,3.14278,4.08467,9.86911,1.01287,16.07531,0.92658,4.54336,0,1.93945,3.61678,3.71444,1.30493,1.30493,0,0.92658,0,0,0,0,0,0,0,0,0,0,0,0,0,1.01287,0,0,0,0,0,0,0,0]},{"s":"Intersex if assigned male at birth","c":"teal","l":[36.00283,0.35436],"n":[63,94,132,158,225,209,250,332,284,335,404,386,468,350,390,368,308,369,287,243,227,219,246,152,164,151,110,134,115,115,105,103,98,103,69,75,86,78,60,55,57,41,39,36,35,34,37,30,32,23,14,19,11,11,8,7,2,5,6,1,5,1,0,1,1,0,1,0,0,0,0,0,0,0],"p":[0,0,0,0,0,1,5,12,4,7,14,26,22,12,17,11,6,16,4,5,3,2,9,8,5,4,3,6,2,5,7,3,2,5,3,3,2,2,4,3,0,2,1,2,0,1,1,0,1,1,0,1,0,0,0,0,0,0,0,0,0,0,0,0,0,0,0,0,0,0,0,0,0,0],"N":[62.99068,90.50535,142.76483,170.71985,245.07685,223.27484,260.08423,144.54697,140.71666,156.73924,188.1966,192.74823,211.7255,170.58212,191.7634,179.08259,161.60538,296.38489,251.16294,208.24016,204.12457,174.91778,213.36719,127.45461,135.31672,130.18846,89.52216,117.03112,92.19282,97.42903,90.16938,88.73626,420.15913,429.87572,224.68315,242.31075,321.28846,285.64579,225.0912,183.35852,218.09843,163.14089,117.01707,126.29659,121.16881,155.97056,130.85642,106.53688,114.83515,68.43038,49.42373,87.91369,38.10167,36.95398,23.47732,34.87326,7.23356,27.48246,22.17239,3.77402,18.24113,3.77402,0,3.61678,3.77402,0,3.61678,0,0,0,0,0,0,0],"P":[0,0,0,0,0,0.2742,3.17228,1.69684,0.17505,1.73035,3.7259,4.24802,3.70483,1.80241,3.1034,2.0138,1.60067,6.69553,1.4774,2.34789,0.76029,0.48129,2.20417,3.49737,5.66094,2.14558,1.2751,2.73405,0.40461,1.75639,2.23768,0.83698,6.60599,5.3896,3.15809,7.15422,1.85316,0.92658,4.08467,5.62718,0,14.0058,0.92658,4.54336,0,0.92658,3.61678,0,1.30493,1.30493,0,0.92658,0,0,0,0,0,0,0,0,0,0,0,0,0,0,0,0,0,0,0,0,0,0]},{"s":"Intersex if assigned female at birth","c":"orange","l":[29.37249,2.28327],"n":[55,100,157,254,255,282,319,430,381,406,422,421,460,401,434,424,305,379,329,284,268,256,258,217,198,185,181,210,146,164,150,140,153,114,118,119,127,124,73,105,115,86,75,86,63,46,56,57,47,44,29,31,29,18,18,14,7,8,0,5,4,0,2,0,2,0,0,0,0,0,0,0,0,1],"p":[0,0,1,3,4,4,2,33,14,26,16,19,19,8,10,4,11,15,10,4,7,6,5,1,2,2,7,7,4,8,3,6,5,4,2,3,1,1,0,3,1,2,0,0,0,1,0,2,0,0,0,0,0,0,0,0,0,0,0,0,0,0,0,0,0,1,0,0,0,0,0,0,0,0],"N":[42.13038,74.8447,123.97201,204.46638,204.754,221.31607,257.71942,159.61981,153.40294,173.30493,172.89146,182.65821,184.38772,164.38591,179.04793,171.56281,131.92353,250.23377,222.27402,202.89337,181.251,176.52275,180.09007,150.62209,144.08549,131.57958,134.88512,141.24653,97.09044,119.69186,100.3724,95.33802,371.0625,286.54704,341.9716,331.0667,323.56677,343.5035,182.80591,293.39466,309.08904,217.77699,171.86658,253.23472,165.97874,120.05836,128.42372,136.40979,108.60607,98.94823,68.22767,70.91323,73.90986,45.75479,45.79757,39.94903,19.61026,26.97199,0,13.09134,9.30638,0,4.87399,0,4.87399,0,0,0,0,0,0,0,0,2.6578],"P":[0,0,0.41485,2.25992,3.12801,3.12801,0.5553,5.65847,2.79299,4.88943,3.23367,3.33778,4.1568,1.09347,3.08152,0.27357,2.02386,6.94795,5.64482,1.96287,2.00703,1.69609,2.04271,0.71731,0.85583,0.94204,2.48213,1.94836,0.78159,5.76678,1.18688,3.80762,8.48554,7.34133,2.02574,9.50671,1.05665,2.21619,0,4.24193,1.01287,2.06952,0,0,0,1.01287,0,3.71444,0,0,0,0,0,0,0,0,0,0,0,0,0,0,0,0,0,1.01287,0,0,0,0,0,0,0,0]},{"s":"Fraction of intersex assigned male at birth","c":"teal","l":[52.33888,80.46875],"n":[0,0,1,3,4,5,3,37,15,28,20,21,23,10,11,6,12,15,12,6,10,7,7,2,2,2,7,7,5,8,3,6,5,4,2,3,2,1,1,3,2,2,0,0,0,2,0,2,0,0,0,0,0,0,0,0,0,0,0,0,0,0,0,0,0,1,0,0,0,0,0,0,0,0],"p":[0,0,0,0,0,1,5,12,4,7,14,26,22,12,17,11,6,16,4,5,3,2,9,8,5,4,3,6,2,5,7,3,2,5,3,3,2,2,4,3,0,2,1,2,0,1,1,0,1,1,0,1,0,0,0,0,0,0,0,0,0,0,0,0,0,0,0,0,0,0,0,0,0,0],"N":[0,0,0.41485,2.25992,3.12801,3.12801,0.5553,5.65847,2.79299,4.88943,3.23367,3.33778,4.1568,1.09347,3.08152,0.27357,2.02386,6.94795,5.64482,1.96287,2.00703,1.69609,2.04271,0.71731,0.85583,0.94204,2.48213,1.94836,0.78159,5.76678,1.18688,3.80762,8.48554,7.34133,2.02574,9.50671,1.05665,2.21619,0,4.24193,1.01287,2.06952,0,0,0,1.01287,0,3.71444,0,0,0,0,0,0,0,0,0,0,0,0,0,0,0,0,0,1.01287,0,0,0,0,0,0,0,0],"P":[0,0,0,0,0,0.2742,3.17228,1.69684,0.17505,1.73035,3.7259,4.24802,3.70483,1.80241,3.1034,2.0138,1.60067,6.69553,1.4774,2.34789,0.76029,0.48129,2.20417,3.49737,5.66094,2.14558,1.2751,2.73405,0.40461,1.75639,2.23768,0.83698,6.60599,5.3896,3.15809,7.15422,1.85316,0.92658,4.08467,5.62718,0,14.0058,0.92658,4.54336,0,0.92658,3.61678,0,1.30493,1.30493,0,0.92658,0,0,0,0,0,0,0,0,0,0,0,0,0,0,0,0,0,0,0,0,0,0]},{"s":"Fraction of intersex assigned female at birth","c":"orange","l":[51.8816,18.61979],"n":[0,0,0,0,0,2,6,16,5,9,18,28,26,14,18,13,7,16,6,7,6,3,11,9,5,4,3,6,3,5,7,3,2,5,3,3,3,2,5,3,1,2,1,2,0,2,1,0,1,1,0,1,0,0,0,0,0,0,0,0,0,0,0,0,0,0,0,0,0,0,0,0,0,0],"p":[0,0,1,3,4,4,2,33,14,26,16,19,19,8,10,4,11,15,10,4,7,6,5,1,2,2,7,7,4,8,3,6,5,4,2,3,1,1,0,3,1,2,0,0,0,1,0,2,0,0,0,0,0,0,0,0,0,0,0,0,0,0,0,0,0,1,0,0,0,0,0,0,0,0],"N":[0,0,0,0,0,0.2742,3.17228,1.69684,0.17505,1.73035,3.7259,4.24802,3.70483,1.80241,3.1034,2.0138,1.60067,6.69553,1.4774,2.34789,0.76029,0.48129,2.20417,3.49737,5.66094,2.14558,1.2751,2.73405,0.40461,1.75639,2.23768,0.83698,6.60599,5.3896,3.15809,7.15422,1.85316,0.92658,4.08467,5.62718,0,14.0058,0.92658,4.54336,0,0.92658,3.61678,0,1.30493,1.30493,0,0.92658,0,0,0,0,0,0,0,0,0,0,0,0,0,0,0,0,0,0,0,0,0,0],"P":[0,0,0.41485,2.25992,3.12801,3.12801,0.5553,5.65847,2.79299,4.88943,3.23367,3.33778,4.1568,1.09347,3.08152,0.27357,2.02386,6.94795,5.64482,1.96287,2.00703,1.69609,2.04271,0.71731,0.85583,0.94204,2.48213,1.94836,0.78159,5.76678,1.18688,3.80762,8.48554,7.34133,2.02574,9.50671,1.05665,2.21619,0,4.24193,1.01287,2.06952,0,0,0,1.01287,0,3.71444,0,0,0,0,0,0,0,0,0,0,0,0,0,0,0,0,0,1.01287,0,0,0,0,0,0,0,0]}],