{"name":"IntersexTransOverlap","seq":[{"i":[3],"y":[0,27],"t":[1,1,1,1,1,1,1,0,0]},{"i":[3,4],"y":[0,50],"t":[1,0,1,0,1,0,1,1,1]}],"type":"AgeCat","x":[18,92],"bins":[18,24,30,38,47,82],"xt":[20,30,40,50,60,70,80,90],"yt":[0,5,10,15,20,25,30,40,50],"z":1.64485,"series":[{"s":"Trans","c":"magenta","l":[27.05276,2.50341],"n":[114,189,276,403,471,492,571,805,674,768,854,853,959,772,838,803,632,779,628,532,511,486,518,383,376,344,300,352,268,291,266,251,258,227,191,200,220,210,137,168,173,134,117,126,97,84,94,90,80,69,43,53,40,29,26,21,9,13,6,6,9,1,2,1,3,1,1,0,0,0,0,0,0,1],"p":[4,5,15,16,14,12,15,20,17,17,15,14,30,13,25,11,7,13,8,8,7,3,5,5,2,4,4,9,2,4,2,4,2,2,3,1,0,0,3,2,2,1,1,1,1,0,1,0,0,0,0,0,0,0,0,0,0,0,0,0,0,0,0,0,0,0,0,0,0,0,0,0,0,0],"N":[100.91183,161.89085,252.94819,362.649,444.43183,439.49544,507.12127,306.83054,292.20078,332.2368,364.63224,378.59137,394.92512,333.35914,368.05973,349.37236,295.54918,554.87076,475.84839,410.83013,384.80974,352.55978,395.5327,278.96597,284.25241,262.1163,226.86698,259.32069,190.19046,222.47604,193.40837,185.40558,798.79591,727.08418,568.88626,589.1118,647.76504,632.29206,407.06008,482.07893,524.97127,396.99319,288.88365,382.76974,283.37353,277.96837,261.88405,246.66111,224.74616,168.68353,117.65139,159.7535,112.01153,82.70878,69.27489,74.82229,26.84381,54.45446,22.17239,16.86536,27.54751,3.77402,4.87399,3.61678,8.64801,1.01287,3.61678,0,0,0,0,0,0,2.6578],"P":[4.20924,3.45919,14.2035,14.79715,8.52703,8.49768,14.40995,4.69156,4.88685,4.42714,3.41538,4.40087,9.04972,4.50476,8.93653,3.56042,1.60426,5.39138,4.7108,4.61415,3.33315,1.05813,2.17145,3.3254,1.66658,2.73937,1.29752,3.63937,0.27899,2.16801,0.55798,3.31329,7.51725,2.06952,2.95232,0.92658,0,0,4.92171,4.54336,3.22906,0,0.92658,1.30493,3.77402,0,1.01287,0,0,0,0,0,0,0,0,0,0,0,0,0,0,0,0,0,0,0,0,0,0,0,0,0,0,0]},{"s":"Intersex","c":"cyan","l":[27.41206,0.8323],"n":[118,194,290,416,481,498,578,776,672,750,835,820,944,763,835,797,621,761,620,529,505,480,507,378,371,342,294,348,263,282,258,246,253,220,189,195,216,207,135,164,173,131,117,125,98,81,94,88,79,68,43,52,40,29,26,21,9,13,6,6,9,1,2,1,3,0,1,0,0,0,0,0,0,1],"p":[0,0,1,3,4,6,8,49,19,35,34,47,45,22,28,17,18,31,16,11,13,9,16,10,7,6,10,13,7,13,10,9,7,9,5,6,4,3,5,6,2,4,1,2,0,3,1,2,1,1,0,1,0,0,0,0,0,0,0,0,0,0,0,0,0,1,0,0,0,0,0,0,0,0],"N":[105.12106,165.35005,266.73684,375.18623,449.83085,444.59091,517.80365,304.16679,294.1196,330.04417,361.08806,375.40644,396.11322,334.96803,370.81134,350.6454,293.52891,546.61866,473.43696,411.13352,385.37557,351.44053,393.45726,278.0767,279.40221,261.76804,224.40728,258.27765,189.28326,217.12089,190.54178,184.07428,791.22164,716.42276,566.65475,573.37745,644.85523,629.14929,407.89711,476.75318,527.18746,380.91788,288.88365,379.53131,287.14755,276.02892,259.28014,242.94667,223.44123,167.3786,117.65139,158.82692,112.01153,82.70878,69.27489,74.82229,26.84381,54.45446,22.17239,16.86536,27.54751,3.77402,4.87399,3.61678,8.64801,0,3.61678,0,0,0,0,0,0,2.6578],"P":[0,0,0.41485,2.25992,3.12801,3.40221,3.72758,7.35531,2.96804,6.61978,6.95957,7.5858,7.86163,2.89588,6.18492,2.28737,3.62454,13.64348,7.12222,4.31076,2.76732,2.17739,4.24688,4.21468,6.51678,3.08763,3.75723,4.68241,1.18619,7.52317,3.42457,4.64459,15.09152,12.73093,5.18383,16.66093,2.90981,3.14278,4.08467,9.86911,1.01287,16.07531,0.92658,4.54336,0,1.93945,3.61678,3.71444,1.30493,1.30493,0,0.92658,0,0,0,0,0,0,0,0,0,0,0,0,0,1.01287,0,0,0,0,0,0,0,0]},{"s":"Trans and intersex","c":"indigo","l":[36.25628,0.29297],"n":[118,194,291,419,484,501,586,822,688,780,867,867,981,784,858,812,637,789,634,539,517,487,521,386,378,347,304,359,269,293,268,254,260,229,192,200,220,210,139,170,175,135,118,127,98,84,95,90,80,69,43,53,40,29,26,21,9,13,6,6,9,1,2,1,3,1,1,0,0,0,0,0,0,1],"p":[0,0,0,0,1,3,0,3,3,5,2,0,8,1,5,2,2,3,2,1,1,2,2,2,0,1,0,2,1,2,0,1,0,0,2,1,0,0,1,0,0,0,0,0,0,0,0,0,0,0,0,0,0,0,0,0,0,0,0,0,0,0,0,0,0,0,0,0,0,0,0,0,0,0],"N":[105.12106,165.35005,267.15169,377.44615,451.84467,446.01084,521.53122,311.4309,296.81406,335.87207,367.37985,382.99224,402.47349,337.86391,376.39366,352.77861,296.94671,560.03741,480.36379,415.44428,388.14289,353.22022,397.50184,281.21858,285.91898,264.65336,228.16451,262.53303,190.46945,224.21702,193.96635,186.60627,806.31316,729.15369,569.89913,589.1118,647.76504,632.29206,411.98179,486.62229,528.20033,396.99319,289.81023,384.07467,287.14755,277.96837,262.89692,246.66111,224.74616,168.68353,117.65139,159.7535,112.01153,82.70878,69.27489,74.82229,26.84381,54.45446,22.17239,16.86536,27.54751,3.77402,4.87399,3.61678,8.64801,1.01287,3.61678,0,0,0,0,0,0,2.6578],"P":[0,0,0,0,1.11419,1.98227,0,0.09119,0.27357,0.79187,0.66778,0,1.50135,0,0.60259,0.15417,0.20673,0.22473,0.1954,0,0,0.3977,0.2023,1.07279,0,0.2023,0,0.42704,0,0.42704,0,2.1126,0,0,1.93945,0.92658,0,0,0,0,0,0,0,0,0,0,0,0,0,0,0,0,0,0,0,0,0,0,0,0,0,0,0,0,0,0,0,0,0,0,0,0,0,0]},{"s":"Fraction of trans who are intersex","c":"olive","l":[48.74874,13.97266],"n":[4,5,15,16,13,9,15,17,14,12,13,14,22,12,20,9,5,10,6,7,6,1,3,3,2,3,4,7,1,2,2,3,2,2,1,0,0,0,2,2,2,1,1,1,1,0,1,0,0,0,0,0,0,0,0,0,0,0,0,0,0,0,0,0,0,0,0,0,0,0,0,0,0,0],"p":[0,0,0,0,1,3,0,3,3,5,2,0,8,1,5,2,2,3,2,1,1,2,2,2,0,1,0,2,1,2,0,1,0,0,2,1,0,0,1,0,0,0,0,0,0,0,0,0,0,0,0,0,0,0,0,0,0,0,0,0,0,0,0,0,0,0,0,0,0,0,0,0,0,0],"N":[4.20924,3.45919,14.2035,14.79715,7.41284,6.5154,14.40995,4.60037,4.61328,3.63527,2.74761,4.40087,7.54837,4.50476,8.33393,3.40625,1.39753,5.16664,4.5154,4.61415,3.33315,0.66043,1.96914,2.25261,1.66658,2.53706,1.29752,3.21234,0.27899,1.74098,0.55798,1.20069,7.51725,2.06952,1.01287,0,0,0,4.92171,4.54336,3.22906,0,0.92658,1.30493,3.77402,0,1.01287,0,0,0,0,0,0,0,0,0,0,0,0,0,0,0,0,0,0,0,0,0,0,0,0,0,0,0],"P":[0,0,0,0,1.11419,1.98227,0,0.09119,0.27357,0.79187,0.66778,0,1.50135,0,0.60259,0.15417,0.20673,0.22473,0.1954,0,0,0.3977,0.2023,1.07279,0,0.2023,0,0.42704,0,0.42704,0,2.1126,0,0,1.93945,0.92658,0,0,0,0,0,0,0,0,0,0,0,0,0,0,0,0,0,0,0,0,0,0,0,0,0,0,0,0,0,0,0,0,0,0,0,0,0,0]},{"s":"Fraction of intersex who are trans","c":"orange","l":[31.6407,33.17708],"n":[0,0,1,3,3,3,8,46,16,30,32,47,37,21,23,15,16,28,14,10,12,7,14,8,7,5,10,11,6,11,10,8,7,9,3,5,4,3,4,6,2,4,1,2,0,3,1,2,1,1,0,1,0,0,0,0,0,0,0,0,0,0,0,0,0,1,0,0,0,0,0,0,0,0],"p":[0,0,0,0,1,3,0,3,3,5,2,0,8,1,5,2,2,3,2,1,1,2,2,2,0,1,0,2,1,2,0,1,0,0,2,1,0,0,1,0,0,0,0,0,0,0,0,0,0,0,0,0,0,0,0,0,0,0,0,0,0,0,0,0,0,0,0,0,0,0,0,0,0,0],"N":[0,0,0.41485,2.25992,2.01381,1.41993,3.72758,7.26412,2.69446,5.8279,6.29179,7.5858,6.36027,2.89588,5.58233,2.13321,3.4178,13.41875,6.92682,4.31076,2.76732,1.77969,4.04458,3.14189,6.51678,2.88532,3.75723,4.25538,1.18619,7.09613,3.42457,2.53199,15.09152,12.73093,3.24438,15.73435,2.90981,3.14278,4.08467,9.86911,1.01287,16.07531,0.92658,4.54336,0,1.93945,3.61678,3.71444,1.30493,1.30493,0,0.92658,0,0,0,0,0,0,0,0,0,0,0,0,0,1.01287,0,0,0,0,0,0,0,0],"P":[0,0,0,0,1.11419,1.98227,0,0.09119,0.27357,0.79187,0.66778,0,1.50135,0,0.60259,0.15417,0.20673,0.22473,0.1954,0,0,0.3977,0.2023,1.07279,0,0.2023,0,0.42704,0,0.42704,0,2.1126,0,0,1.93945,0.92658,0,0,0,0,0,0,0,0,0,0,0,0,0,0,0,0,0,0,0,0,0,0,0,0,0,0,0,0,0,0,0,0,0,0,0,0,0,0]}],