{"name":"NBappendix","seq":[{"i":[0],"y":[0,10],"t":[1,1,1,1,1,1,1,1,1,1,1,0,0,0,0,0,0,0,0,0,0,0,0]}],"type":"AgeCat","x":[18,92],"bins":[18,20,26,37,48,60,67,76],"xt":[20,30,40,50,60,70,80,90],"yt":[0,1,2,3,4,5,6,7,8,9,10,11,12,13,20,30,40,50,60,70,80,90,100],"z":1.64485,"series":[{"s":"Non-binary","c":"black","l":[42.13317,3.39844],"n":[113,184,277,398,459,481,554,774,659,755,836,841,941,748,832,791,618,756,608,525,498,477,502,379,371,337,291,345,264,285,254,250,254,216,191,191,211,204,137,162,167,130,111,125,94,83,92,86,73,65,41,49,34,27,24,19,9,11,5,6,7,1,2,1,3,1,1,0,0,0,0,0,0,1],"p":[5,10,14,21,26,23,32,51,32,30,33,26,48,37,31,23,21,36,28,15,20,12,21,9,7,11,13,16,6,10,14,5,6,13,3,10,9,6,3,8,8,5,7,2,4,1,3,4,7,4,2,4,6,2,2,2,0,2,1,0,2,0,0,0,0,0,0,0,0,0,0,0,0,0],"N":[99.85108,155.99391,256.39375,358.77811,431.33424,430.13162,494.47504,299.44742,286.87506,328.38456,358.28449,373.67563,387.30973,325.18878,364.19371,343.70263,289.39418,538.59487,464.06027,406.69555,375.93998,346.64448,385.6726,278.02746,278.42942,258.38266,219.77535,253.80034,188.4243,219.56057,187.67294,186.48192,791.45015,697.70824,568.97255,564.75259,627.1707,616.51386,408.83901,466.50318,507.07408,379.86828,278.26801,378.24169,277.7302,274.35159,255.66336,237.24458,206.7679,158.82125,114.03462,147.93032,96.43058,76.87581,61.8841,68.39048,26.84381,38.13681,18.39837,16.86536,22.67352,3.77402,4.87399,3.61678,8.64801,1.01287,3.61678,0,0,0,0,0,0,2.6578],"P":[5.26999,9.35613,10.75794,18.66804,21.62462,17.8615,27.05619,12.07467,10.21257,8.27939,9.76313,9.31661,16.66511,12.67513,12.80255,9.23015,7.75927,21.66727,16.49891,8.74873,12.20291,6.97344,12.03155,4.26391,7.48956,6.473,8.38916,9.15972,2.04515,5.08349,6.29341,2.23695,14.86301,31.44546,2.86603,25.28579,20.59434,15.77821,3.14278,20.11911,21.12626,17.12491,11.54223,5.83297,9.41735,3.61678,7.23356,9.41653,17.97825,9.86228,3.61678,11.82318,15.58095,5.83297,7.3908,6.43181,0,16.31765,3.77402,0,4.87399,0,0,0,0,0,0,0,0,0,0,0,0,0]},{"s":"Non-binary men","c":"teal","l":[54.76005,5.15625],"n":[58,94,132,156,218,210,245,336,274,331,411,404,468,355,398,366,306,365,277,241,224,218,247,162,167,150,108,136,115,114,106,106,99,100,70,74,84,79,62,56,55,40,37,36,33,37,36,29,29,22,13,20,10,10,6,6,2,3,5,1,5,1,0,1,1,1,1,0,0,0,0,0,0,0],"p":[1,1,5,5,6,7,5,12,7,16,12,8,17,15,9,13,9,16,15,5,8,3,10,6,4,5,4,5,3,5,5,4,1,7,2,3,5,2,1,4,4,4,3,1,2,1,3,2,4,1,1,2,1,1,2,1,0,2,1,0,0,0,0,0,0,0,0,0,0,0,0,0,0,0],"N":[58.31505,88.41193,140.99461,163.63356,234.68316,220.57782,250.85796,144.0565,134.39216,154.66836,189.00728,192.48294,203.8099,165.82997,186.62147,174.75158,157.68433,288.94743,240.88407,204.8984,197.52284,171.71482,207.66709,130.18622,134.12533,128.82692,86.79148,114.39694,91.13847,94.28869,90.33919,89.01753,417.84728,388.36561,225.98808,236.60423,303.21621,279.33881,224.63251,179.74174,203.47407,162.67957,110.79044,125.91824,116.62545,154.29323,127.23964,99.14608,104.04869,65.03471,45.80695,81.44948,34.48489,33.33721,16.08652,31.09924,7.23356,11.16482,18.39837,3.77402,18.24113,3.77402,0,3.61678,3.77402,1.01287,3.61678,0,0,0,0,0,0,0],"P":[1.06027,1.11372,4.13316,4.81777,5.45412,5.70742,4.12359,2.28794,3.78694,4.11829,3.60264,1.79016,6.26239,5.46856,2.44175,5.18313,4.74928,7.39952,11.01671,3.02801,6.41712,1.94328,6.56631,3.01836,5.03695,3.23042,3.02811,4.95588,1.45895,2.32944,1.16489,1.57652,3.61678,16.85586,1.85316,8.16014,16.30863,7.23356,0.92658,9.24396,14.62435,14.46711,6.22664,3.61678,4.54336,3.61678,7.23356,7.3908,12.0914,0,3.61678,7.3908,3.61678,3.61678,7.3908,3.77402,0,16.31765,3.77402,0,0,0,0,0,0,0,0,0,0,0,0,0,0,0]},{"s":"Non-binary women","c":"orange","l":[45.6005,1.25],"n":[54,89,144,239,235,266,302,429,379,418,418,425,457,388,426,420,306,379,326,282,271,256,251,215,199,185,180,205,149,169,148,143,154,112,121,116,126,124,75,105,111,89,73,88,61,46,56,57,44,41,27,29,24,17,18,13,7,8,0,5,2,0,2,0,2,0,0,0,0,0,0,0,0,1],"p":[1,5,6,7,12,11,15,28,16,6,13,11,22,14,12,7,8,15,11,7,10,6,9,3,2,6,6,11,3,4,8,1,5,6,1,4,4,4,2,4,3,1,4,1,2,0,0,2,3,3,1,2,5,1,0,1,0,0,0,0,2,0,0,0,0,0,0,0,0,0,0,0,0,0],"N":[41.26183,67.30434,114.75272,193.94282,190.53997,206.16253,240.19696,154.27866,150.35145,171.9996,167.31274,178.2277,181.41749,156.9392,175.14637,167.04843,129.46275,242.71957,220.3236,200.12783,178.19241,173.17401,176.66063,146.82042,141.51188,129.35344,130.54968,137.52215,97.28584,123.86184,97.33376,97.23966,370.94507,279.21249,342.98446,324.37434,321.29669,337.17504,184.2065,284.54525,302.54335,217.18871,166.55099,251.01852,161.10475,120.05836,128.42372,138.0985,102.71922,89.08595,66.01147,66.48084,61.94568,43.5386,45.79757,37.29124,19.61026,26.97199,0,13.09134,4.43239,0,4.87399,0,4.87399,0,0,0,0,0,0,0,0,2.6578],"P":[1.11419,4.61097,5.47905,5.52466,8.43705,8.02126,11.4509,6.76337,4.13643,2.03911,3.79314,4.15393,7.09433,4.20573,4.80944,3.24766,1.6591,10.16699,4.49072,3.87258,5.78579,2.70315,4.28527,1.24555,1.58213,3.24259,3.70913,4.20384,0.58619,2.55174,4.50452,0.66043,11.24623,14.58959,1.01287,11.76668,4.28571,8.54465,2.21619,10.87515,4.28571,2.6578,5.31559,2.21619,4.87399,0,0,2.02574,5.88686,9.86228,0,4.43239,11.96417,2.21619,0,2.6578,0,0,0,0,4.87399,0,0,0,0,0,0,0,0,0,0,0,0,0]},{"s":"Non-binary both/neither","c":"black","l":[50.36809,36.89322],"n":[1,1,1,3,6,5,7,9,6,6,7,12,16,5,8,5,6,12,5,2,3,3,4,2,5,2,3,4,0,2,0,1,1,4,0,1,1,1,0,1,1,1,1,1,0,0,0,0,0,2,1,0,0,0,0,0,0,0,0,0,0,0,0,0,0,0,0,0,0,0,0,0,0,0],"p":[3,4,3,9,8,5,12,11,9,8,8,7,9,8,10,3,4,5,2,3,2,3,2,0,1,0,3,0,0,1,1,0,0,0,0,3,0,0,0,0,1,0,0,0,0,0,0,0,0,0,0,0,0,0,0,0,0,0,0,0,0,0,0,0,0,0,0,0,0,0,0,0,0,0],"N":[0.2742,0.27765,0.64642,1.20172,6.1111,3.39127,3.42012,1.11225,2.13145,1.7166,1.96448,2.96499,2.08234,2.41961,2.42586,1.90261,2.24709,6.92787,2.8526,1.66932,0.22473,1.75566,1.34488,1.02082,2.79221,0.2023,2.43418,1.88126,0,1.41004,0,0.22473,2.6578,30.13014,0,3.77402,2.6578,0,0,2.21619,1.05665,0,0.92658,1.30493,0,0,0,0,0,4.7006,2.21619,0,0,0,0,0,0,0,0,0,0,0,0,0,0,0,0,0,0,0,0,0,0,0],"P":[3.09552,3.63145,1.14573,8.32561,7.73344,4.13282,11.4817,3.02336,2.28919,2.12199,2.36736,3.37252,3.30839,3.00085,5.55135,0.79935,1.35088,4.10076,0.99148,1.84815,0,2.32701,1.17996,0,0.87049,0,1.65192,0,0,0.2023,0.624,0,0,0,0,5.35897,0,0,0,0,2.21619,0,0,0,0,0,0,0,0,0,0,0,0,0,0,0,0,0,0,0,0,0,0,0,0,0,0,0,0,0,0,0,0,0]},{"s":"Non-binary and men","c":"teal","l":[45.36935,1.80469],"n":[117,193,286,414,479,497,581,813,684,769,857,859,972,770,854,801,630,776,621,535,510,486,513,382,374,343,300,356,267,290,263,251,259,222,192,198,215,208,139,166,171,131,115,126,96,83,92,88,76,68,42,51,39,28,24,20,9,11,5,6,9,1,2,1,3,1,1,0,0,0,0,0,0,1],"p":[1,1,5,5,6,7,5,12,7,16,12,8,17,15,9,13,9,16,15,5,8,3,10,6,4,5,4,5,3,5,5,4,1,7,2,3,5,2,1,4,4,4,3,1,2,1,3,2,4,1,1,2,1,1,2,1,0,2,1,0,0,0,0,0,0,0,0,0,0,0,0,0,0,0],"N":[104.06079,164.23633,263.01854,372.62838,447.50473,442.2857,517.40764,309.23415,293.30069,332.54566,364.44499,381.20208,397.71245,332.39535,374.5545,347.74964,292.40416,552.86262,469.54247,412.41627,381.72577,351.67463,391.13783,279.27301,280.88204,261.62525,225.1364,258.00418,189.0105,222.31461,192.80146,187.14236,802.69638,712.29783,569.98541,581.87824,631.45641,625.05851,411.05521,477.37833,513.57598,382.52608,283.5836,380.45789,282.60419,274.35159,255.66336,239.27031,212.65476,168.68353,114.03462,152.36271,108.39475,79.092,61.8841,71.04827,26.84381,38.13681,18.39837,16.86536,27.54751,3.77402,4.87399,3.61678,8.64801,1.01287,3.61678,0,0,0,0,0,0,2.6578],"P":[1.06027,1.11372,4.13316,4.81777,5.45412,5.70742,4.12359,2.28794,3.78694,4.11829,3.60264,1.79016,6.26239,5.46856,2.44175,5.18313,4.74928,7.39952,11.01671,3.02801,6.41712,1.94328,6.56631,3.01836,5.03695,3.23042,3.02811,4.95588,1.45895,2.32944,1.16489,1.57652,3.61678,16.85586,1.85316,8.16014,16.30863,7.23356,0.92658,9.24396,14.62435,14.46711,6.22664,3.61678,4.54336,3.61678,7.23356,7.3908,12.0914,0,3.61678,7.3908,3.61678,3.61678,7.3908,3.77402,0,16.31765,3.77402,0,0,0,0,0,0,0,0,0,0,0,0,0,0,0]},{"s":"Non-binary and women","c":"orange","l":[53.34422,0.86328],