{"name":"PolyNotNonmonog","seq":[{"i":[0],"y":[0,7],"t":[1,1,1,1,1,1,1,1,0,0,0,0,0,0,0,0]},{"i":[0,1],"y":[0,10],"t":[1,1,1,1,1,1,1,1,1,1,1,0,0,0,0,0]},{"i":[0,1,2],"y":[0,33],"t":[1,0,0,0,0,1,0,0,0,0,1,1,1,1,1,1]}],"type":"AgeCat","x":[18,92],"bins":[18,20,24,30,50,80],"xt":[20,30,40,50,60,70,80,90],"yt":[0,1,2,3,4,5,6,7,8,9,10,15,20,25,30,35],"z":1.64485,"series":[{"s":"Polyamorous","c":"cyan","l":[39.86181,3.68894],"n":[114,187,283,396,454,477,548,783,647,731,813,829,926,746,814,781,610,744,607,518,496,463,500,361,356,325,283,343,257,279,254,240,246,223,183,198,214,201,136,161,169,132,111,126,94,81,90,87,78,68,42,52,38,28,26,20,9,12,6,6,8,1,1,1,3,1,1,0,0,0,0,0,0,0],"p":[4,7,8,23,31,27,38,42,44,54,56,38,63,39,49,33,29,48,29,22,22,26,23,27,22,23,21,18,13,16,14,15,14,6,11,3,6,9,4,9,6,3,7,1,4,3,5,3,2,1,1,1,2,1,0,1,0,1,0,0,1,0,1,0,0,0,0,0,0,0,0,0,0,1],"N":[101.02232,158.67662,259.51733,355.64706,423.47063,423.06109,487.10837,297.99413,281.22493,316.17749,349.39831,368.78513,384.01159,324.96778,358.27998,338.522,284.00856,531.51909,461.25926,399.83595,376.65456,334.93521,381.81595,262.46077,270.64958,247.6055,215.09258,253.03444,183.39867,212.53976,185.11071,178.86133,746.39278,721.90281,533.01306,585.88274,634.37347,604.81054,402.3748,458.08411,517.62473,392.44983,276.38244,380.45789,261.91207,273.09438,251.06612,236.61252,218.91319,165.06676,114.03462,158.69685,106.69594,80.05098,69.27489,72.6061,26.84381,50.83768,22.17239,16.86536,23.93073,3.77402,2.6578,3.61678,8.64801,1.01287,3.61678,0,0,0,0,0,0,0],"P":[4.09874,6.67343,7.63436,21.79909,29.48823,24.93203,34.42286,13.52796,15.86271,20.48645,18.64932,14.20711,19.96325,12.89612,18.71627,14.41077,13.14488,28.74305,19.29992,15.60833,11.48833,18.6827,15.8882,19.83061,15.26941,17.25017,13.07193,9.92563,7.07078,12.1043,8.85564,9.85754,59.92038,7.25088,38.82552,4.15564,13.39157,27.48153,9.60699,28.53818,10.5756,4.54336,13.42779,3.61678,25.23548,4.87399,11.8308,10.04859,5.83297,3.61678,3.61678,1.05665,5.31559,2.6578,0,2.21619,0,3.61678,0,0,3.61678,0,2.21619,0,0,0,0,0,0,0,0,0,0,2.6578]},{"s":"Non-monogamous","c":"magenta","l":[40.32412,7.51953],"n":[111,185,277,379,445,464,531,731,631,707,789,799,896,707,779,739,582,718,573,492,475,447,473,338,340,311,275,329,248,267,237,233,232,206,174,183,205,186,125,151,163,124,109,120,92,77,87,81,72,61,38,50,37,27,26,20,9,13,6,6,8,1,1,1,3,1,0,0,0,0,0,0,0,0],"p":[7,9,14,40,40,40,55,94,60,78,80,68,93,78,84,75,57,74,63,48,43,42,50,50,38,37,29,32,22,28,31,22,28,23,20,18,15,24,15,19,12,11,9,7,6,7,8,9,8,8,5,3,3,2,0,1,0,0,0,0,1,0,1,0,0,0,1,0,0,0,0,0,0,1],"N":[98.35022,156.3626,255.1615,346.0951,416.31554,410.76504,474.4442,286.29387,274.79497,302.59732,338.48233,357.45395,369.02534,306.37814,341.97873,323.10435,271.52687,515.3758,438.8648,380.08291,355.75271,328.50522,358.29209,251.45336,259.298,237.40602,208.5651,241.58087,175.86444,202.87195,172.73865,174.95707,679.56484,678.61137,480.07225,547.88515,617.25467,557.86213,374.28885,420.20481,493.29674,376.54196,275.74792,360.00056,254.52127,247.67087,241.77505,225.46919,203.17354,145.83045,104.94501,152.99395,101.19027,75.47522,69.27489,62.12142,26.84381,54.45446,22.17239,16.86536,23.93073,3.77402,2.6578,3.61678,8.64801,1.01287,0,0,0,0,0,0,0,0],"P":[6.77084,8.98744,11.99019,31.35105,36.64332,37.22808,47.08703,25.22823,22.29266,34.06662,29.56529,25.53829,34.9495,31.48576,35.01753,29.82842,25.62657,44.88634,41.69438,35.36137,32.39017,25.1127,39.41206,30.83802,26.62099,27.44965,19.59941,21.37919,14.60501,21.77211,21.2277,13.7618,126.74832,50.54233,91.76633,42.15323,30.51037,74.42993,37.69293,66.41748,34.90359,20.45123,14.06231,24.0741,32.62628,30.2975,21.12187,21.19192,21.57261,22.85308,12.70639,6.75955,10.82126,7.23356,0,12.70087,0,0,0,0,3.61678,0,2.21619,0,0,0,3.61678,0,0,0,0,0,0,2.6578]},{"s":"Not monogamous","c":"olive","l":[39.94849,17.23047],"n":[84,138,236,315,380,390,442,545,515,567,622,640,686,596,648,605,493,559,540,438,432,385,406,299,303,279,235,288,222,241,216,204,209,185,162,173,191,179,122,131,149,109,102,105,84,66,77,73,65,55,37,49,36,25,23,20,9,10,5,6,8,1,2,1,3,0,0,0,0,0,0,0,0,0],"p":[34,56,55,104,105,114,144,280,176,218,247,227,303,189,215,209,146,233,96,102,86,104,117,89,75,69,69,73,48,54,52,51,51,44,32,28,29,31,18,39,26,26,16,22,14,18,18,17,15,14,6,4,4,4,3,1,0,3,1,0,1,0,0,0,0,1,1,0,0,0,0,0,0,1],"N":[78.6718,115.63096,217.02662,280.31888,349.28828,345.9563,395.76763,225.74822,223.1326,258.13284,284.27318,303.27619,305.20466,267.28266,295.46628,276.78974,233.60803,430.81507,420.26799,338.14569,337.13835,292.38035,317.2331,220.12183,236.44867,215.94221,183.56774,218.59075,165.79681,187.23178,159.18625,157.07322,635.15235,621.61376,491.07956,503.33179,578.80627,538.15619,362.22098,387.43874,477.03289,342.60951,267.77663,335.80598,227.29849,225.49319,218.51209,203.85801,179.88298,138.04271,97.99581,150.39941,100.86297,71.56021,65.75377,71.04827,26.84381,45.96369,18.39837,16.86536,23.93073,3.77402,4.87399,3.61678,8.64801,0,0,0,0,0,0,0,0,0],"P":[26.44927,49.71908,50.12507,97.12727,103.67058,102.03681,125.76359,85.77388,73.95503,78.53111,83.77444,79.71605,98.77018,70.58124,81.52997,76.14304,63.54541,129.44707,60.29119,77.29859,51.00454,61.23757,80.47105,62.16955,49.47031,48.91345,44.59676,44.36932,24.67264,37.41227,34.7801,31.64566,171.16081,107.53993,80.75902,86.70659,68.95877,94.13588,49.76081,99.18354,51.16744,54.38368,22.0336,48.26869,59.84906,52.47518,44.38483,42.8031,44.86318,30.64082,19.65558,9.35409,11.14856,11.14856,3.52112,3.77402,0,8.49077,3.77402,0,3.61678,0,0,0,0,1.01287,3.61678,0,0,0,0,0,0,2.6578]}],