{"name":"PolyNonmonogFM","seq":[{"i":[0,1],"y":[0,7],"t":[1,1,1,1,1,1,1,1,0,0]},{"i":[2,3],"y":[0,15],"t":[1,0,0,0,0,1,0,0,1,1],"from":[0,1]}],"type":"AgeCat","x":[18,92],"bins":[18,20,24,30,50,80],"xt":[20,30,40,50,60,70,80,90],"yt":[0,1,2,3,4,5,6,7,10,15],"z":1.64485,"series":[{"s":"Polyamorous women","c":"orange","l":[41.07538,2.44047],"n":[52,91,145,237,235,263,302,436,371,404,409,418,445,382,422,411,307,378,325,285,269,253,252,211,194,182,174,204,146,163,148,139,150,116,115,119,127,125,74,105,112,90,75,89,63,44,54,58,46,44,28,30,27,17,18,13,7,8,0,5,4,0,1,0,2,0,0,0,0,0,0,0,0,0],"p":[3,3,5,9,12,14,15,21,24,20,22,18,34,20,16,16,7,16,12,4,12,9,8,7,7,9,12,12,6,10,8,5,9,2,7,1,3,3,3,4,2,0,2,0,0,2,2,1,1,0,0,1,2,1,0,1,0,0,0,0,0,0,1,0,0,0,0,0,0,0,0,0,0,1],"N":[39.84137,69.31106,114.8534,190.91689,189.76239,203.31217,240.05573,155.08284,147.13372,168.0547,163.25809,175.7485,177.35775,155.70881,173.07326,163.52987,128.20273,242.935,218.37558,202.15309,179.88246,169.87577,176.78911,144.0258,138.27784,127.47966,127.19722,136.29036,95.63499,119.22097,97.39806,95.0917,366.48592,290.08764,328.88026,335.12816,323.51289,340.40411,180.58972,289.04815,303.1584,219.84651,169.20878,253.23472,165.97874,115.18438,124.75306,137.46644,106.38988,98.94823,66.01147,69.85658,68.59426,43.097,45.79757,37.73284,19.61026,26.97199,0,13.09134,9.30638,0,2.6578,0,4.87399,0,0,0,0,0,0,0,0,0],"P":[2.53465,2.60425,5.37836,8.5506,9.21463,10.87162,11.59213,5.9592,7.35417,5.984,7.84779,6.63313,11.15407,5.43611,6.88255,6.76622,2.91912,9.95157,6.43874,1.84732,4.09573,6.00139,4.1568,4.04018,4.81617,5.11637,7.06159,5.43563,2.23704,7.19261,4.44021,2.80839,15.70538,3.71444,15.11708,1.01287,2.06952,5.31559,5.83297,6.37224,3.67066,0,2.6578,0,0,4.87399,3.67066,2.6578,2.21619,0,0,1.05665,5.31559,2.6578,0,2.21619,0,0,0,0,0,0,2.21619,0,0,0,0,0,0,0,0,0,0,2.6578]},{"s":"Polyamorous men","c":"teal","l":[41.07538,6.41652],"n":[58,92,134,154,205,206,235,333,266,318,395,397,462,354,379,364,295,353,277,231,224,209,243,148,157,141,105,135,111,113,106,101,95,103,68,76,86,75,62,55,56,41,35,36,31,37,36,29,32,22,13,22,11,11,8,7,2,4,6,1,4,1,0,1,1,1,1,0,0,0,0,0,0,0],"p":[1,3,3,7,19,11,15,15,15,29,28,15,23,16,28,15,20,28,15,15,8,12,14,20,14,14,7,6,7,6,5,9,5,4,4,1,3,6,1,5,3,3,5,1,4,1,3,2,1,1,1,0,0,0,0,0,0,1,0,0,1,0,0,0,0,0,0,0,0,0,0,0,0,0],"N":[57.81123,85.73411,142.87177,161.09628,219.86368,213.96099,239.83,139.88794,131.36376,145.92593,182.9662,189.20409,202.31945,164.81555,179.22065,173.4939,152.68112,280.64212,240.62172,197.48746,196.54736,164.39901,202.7043,117.41415,129.57953,119.92354,84.80074,114.86282,87.76368,91.70645,87.71265,83.76963,377.24907,401.68504,204.1328,243.83778,308.20279,264.40643,221.78508,166.81976,212.25014,172.60333,106.24708,125.91824,95.93333,157.91001,126.31306,99.14608,112.52331,61.41793,45.80695,88.84027,38.10167,36.95398,23.47732,34.87326,7.23356,23.86568,22.17239,3.77402,14.62435,3.77402,0,3.61678,3.77402,1.01287,3.61678,0,0,0,0,0,0,0],"P":[1.56409,3.79153,2.256,7.35506,20.2736,12.32425,15.15155,6.45651,6.81534,12.86072,9.64371,5.06901,7.75284,6.48297,9.84257,6.44082,9.7525,15.70482,11.27906,10.43895,7.3926,9.25909,11.5291,15.79043,9.58275,12.1338,5.01886,4.49,4.83374,4.91169,3.79143,6.82442,44.21499,3.53644,23.70844,0.92658,11.32205,22.16594,3.77402,22.16594,5.84829,4.54336,10.77,3.61678,25.23548,0,8.16014,7.3908,3.61678,3.61678,3.61678,0,0,0,0,0,0,3.61678,0,0,3.61678,0,0,0,0,0,0,0,0,0,0,0,0,0]},{"s":"Non-monogamous women","c":"orange","l":[39.97739,5.28599],"n":[52,89,143,225,234,259,291,400,364,402,409,411,436,369,397,392,296,358,311,272,264,247,236,202,186,172,169,199,147,159,142,135,141,110,111,115,126,122,71,105,108,84,73,88,63,45,53,52,45,40,25,30,27,18,18,14,7,8,0,5,4,0,1,0,2,0,0,0,0,0,0,0,0,0],"p":[3,5,7,21,13,18,26,57,31,22,22,25,43,33,41,35,18,36,26,17,17,15,24,16,15,19,17,17,5,14,14,9,18,8,11,5,4,6,6,4,6,6,4,1,0,1,3,7,2,4,3,1,2,0,0,0,0,0,0,0,0,0,1,0,0,0,0,0,0,0,0,0,0,1],"N":[39.84137,67.44742,112.99922,183.90249,188.53418,199.96189,233.80656,148.28723,143.29588,165.30346,163.21586,171.55552,172.07996,150.26359,163.69174,158.17114,125.00214,231.8243,211.31678,195.11918,174.15658,167.8121,166.88153,140.40096,133.30567,121.61418,123.49648,132.74622,95.19929,116.35719,93.70822,92.62441,348.46145,281.1184,288.80019,322.85205,318.6389,332.87232,174.21748,283.65371,290.63832,211.17219,168.19592,251.01852,165.97874,117.40057,120.16259,126.32311,103.73208,88.0293,60.69588,68.69703,66.70537,45.75479,45.79757,39.94903,19.61026,26.97199,0,13.09134,9.30638,0,2.6578,0,4.87399,0,0,0,0,0,0,0,0,0],"P":[2.53465,4.46788,7.23255,15.565,10.44284,14.22191,17.8413,12.75481,11.19201,8.73524,7.89002,10.82611,16.43187,10.88134,16.26407,12.12495,6.11972,21.06227,13.49754,8.88123,9.82161,8.06505,14.06437,7.66502,9.78834,10.98185,10.76233,8.97977,2.67274,10.05639,8.13005,5.27568,33.72985,12.68368,55.19715,13.28898,6.9435,12.84738,12.20521,11.76668,16.19074,8.67432,3.67066,2.21619,0,2.6578,8.26113,13.80113,4.87399,10.91893,5.31559,2.21619,7.20448,0,0,0,0,0,0,0,0,0,2.21619,0,0,0,0,0,0,0,0,0,0,2.6578]},{"s":"Non-monogamous men","c":"teal","l":[40.4108,12.87363],"n":[55,92,131,150,199,198,227,316,259,295,369,374,440,328,371,341,277,347,258,219,206,197,231,134,148,137,102,126,101,106,95,97,90,93,63,66,78,63,54,46,53,39,36,31,29,32,34,29,27,20,12,20,10,9,8,6,2,5,6,1,4,1,0,1,1,1,0,0,0,0,0,0,0,0],"p":[4,3,6,11,25,19,23,32,22,52,54,38,45,42,36,38,38,34,34,27,26,24,26,34,23,18,10,15,17,13,16,13,10,14,9,11,11,18,9,14,6,5,4,6,6,6,5,2,6,3,2,2,1,2,0,1,0,0,0,0,1,0,0,0,0,0,1,0,0,0,0,0,0,0],"N":[55.13913,85.28374,140.37013,158.83637,215.24955,205.29288,231.43321,134.65044,129.37567,135.0058,172.09245,182.06588,192.70219,151.67114,172.86537,162.7045,143.18611,275.18784,225.48146,184.76834,181.3714,158.36611,188.88571,110.03158,122.32963,115.58953,82.43904,106.9534,80.66515,85.10472,79.03043,82.10793,328.4456,367.36284,191.27206,219.04289,295.95798,224.98981,200.07137,136.5511,199.38558,165.36977,107.55201,107.67711,88.54253,130.2703,121.61246,99.14608,99.44146,56.87457,42.03293,84.29691,34.48489,29.72043,23.47732,22.17239,7.23356,27.48246,22.17239,3.77402,14.62435,3.77402,0,3.61678,3.77402,1.01287,0,0,0,0,0,0,0,0],"P":[4.23619,4.24191,4.75764,9.61497,24.88773,20.99235,23.54834,11.694,8.80344,23.78084,20.51746,12.20722,17.3701,19.62738,16.19785,17.23022,19.24751,21.15911,26.41932,23.15807,22.56857,15.29199,25.34768,23.173,16.83265,16.4678,7.38056,12.39942,11.93228,11.51341,12.47365,8.48612,93.01847,37.85864,36.56918,25.72148,23.56687,61.58256,25.48772,52.4346,18.71285,11.77692,9.46507,21.85791,32.62628,27.6397,12.86074,7.3908,16.69862,8.16014,7.3908,4.54336,3.61678,7.23356,0,12.70087,0,0,0,0,3.61678,0,0,0,0,0,3.61678,0,0,0,0,0,0,0]}],