{"name":"QueerBi","seq":[{"i":[0,1],"y":[0,18],"t":[1,1,1,1,1,1,1,1,1,1,0,0,0,0,0,0,0,0,0]},{"i":[0,1,2],"y":[0,18],"t":[1,1,1,1,1,1,1,1,1,1,0,0,0,0,0,0,0,0,0]},{"i":[3,4],"y":[0,100],"t":[1,0,0,0,0,1,0,0,0,0,1,1,1,1,1,1,1,1,1]}],"type":"AgeCat","x":[18,92],"bins":[18,24,30,45,60,72],"xt":[20,30,40,50,60,70,80,90],"yt":[0,2,4,6,8,10,12,14,16,18,20,30,40,50,60,70,80,90,100],"z":1.64485,"series":[{"s":"Bisexual","c":"magenta","l":[39.54271,11.09828],"n":[98,161,241,362,410,421,472,691,582,657,727,739,852,685,763,723,570,702,555,484,457,441,471,338,341,319,266,320,253,272,230,231,235,208,177,186,199,198,133,163,162,127,109,124,95,80,88,86,79,64,42,52,36,29,25,21,9,12,6,6,9,1,2,1,3,0,1,0,0,0,0,0,0,1],"p":[20,33,50,57,75,83,114,134,109,128,142,128,137,100,100,91,69,90,81,56,61,48,52,50,37,29,38,41,17,23,38,24,25,21,17,15,21,12,7,7,13,8,9,3,3,4,7,4,1,5,1,1,4,0,1,0,0,1,0,0,0,0,0,0,0,1,0,0,0,0,0,0,0,0],"N":[86.04584,136.07577,221.37817,325.9773,384.43206,380.49094,428.82863,273.22536,257.90042,289.0935,316.28078,332.15453,348.44136,298.90101,342.93653,319.14861,270.05759,500.65572,427.26824,377.96501,350.94559,321.71714,363.40303,253.9425,259.0623,247.33256,205.52668,244.47137,183.02793,209.08314,175.2747,175.37492,755.33847,689.52793,501.18904,558.48913,610.60335,610.71328,396.73147,474.69382,502.37917,375.78072,275.29202,375.53618,282.60419,274.08947,239.62045,236.67209,220.97214,160.53277,113.87738,158.44857,99.46238,82.70878,68.21824,74.82229,26.84381,52.23826,22.17239,16.86536,27.54751,3.77402,4.87399,3.61678,8.64801,0,3.61678,0,0,0,0,0,0,2.6578],"P":[19.07522,29.27428,45.77353,51.46885,68.5268,67.50218,92.70259,38.29673,39.18722,47.57045,51.76684,50.83771,55.53348,38.9629,34.05973,33.78417,27.09585,59.60642,53.29095,37.47928,37.1973,31.90078,34.30112,28.34887,26.85668,17.5231,22.63783,18.48869,7.44152,15.56091,18.69165,13.34395,50.97469,39.62576,70.64954,31.54925,37.1617,21.57878,15.25032,11.92847,25.82117,21.21247,14.51822,8.53849,4.54336,3.8789,23.27647,9.98902,3.77402,8.15077,3.77402,1.30493,12.54915,0,1.05665,0,0,2.21619,0,0,0,0,0,0,0,1.01287,0,0,0,0,0,0,0,0]},{"s":"Queer","c":"cyan","l":[38.38379,5.96993],"n":[105,172,243,367,428,441,519,745,616,707,784,790,914,729,802,754,600,738,605,512,495,471,505,372,359,335,289,346,262,281,262,245,252,215,188,196,213,199,134,163,165,132,115,124,96,82,93,85,79,68,42,51,40,29,25,21,9,13,6,6,9,1,2,1,3,1,1,0,0,0,0,0,0,1],"p":[13,22,48,52,57,63,67,80,75,78,85,77,75,56,61,60,39,54,31,28,23,18,18,16,19,13,15,15,8,14,6,10,8,14,6,5,7,11,6,7,10,3,3,3,2,2,2,5,1,1,1,2,0,0,1,0,0,0,0,0,0,0,0,0,0,0,0,0,0,0,0,0,0,0],"N":[92.381,147.45329,222.0912,337.71738,400.56742,395.22702,465.67083,282.81838,269.59883,302.12488,337.11101,354.26173,373.89851,315.31879,353.9007,331.70606,282.29528,526.27012,459.57205,395.76437,370.93779,343.37019,387.53284,272.16408,272.34418,256.3498,219.66954,256.76382,185.19907,213.81602,189.40503,181.64311,783.98358,704.83213,560.30921,575.36014,634.63325,598.44968,397.83144,467.82758,502.91849,393.32253,281.67917,377.89575,280.87298,273.26777,259.22626,232.89807,221.12938,167.62689,114.03462,158.69685,112.01153,82.70878,68.21824,74.82229,26.84381,54.45446,22.17239,16.86536,27.54751,3.77402,4.87399,3.61678,8.64801,1.01287,3.61678,0,0,0,0,0,0,2.6578],"P":[12.74006,17.89675,45.06049,39.72877,52.39143,52.76609,55.86039,28.70372,27.48881,34.53906,30.93661,28.73051,30.07633,22.54512,23.09555,21.22671,14.85816,33.99202,20.98713,19.67991,17.2051,10.24772,10.17131,10.12729,13.5748,8.50587,8.49497,6.19625,5.27038,10.82804,4.56132,7.07577,22.32958,24.32157,11.52937,14.67824,13.13179,33.84239,14.15035,18.7947,25.28184,3.67066,8.13107,6.17892,6.27457,4.7006,3.67066,13.76304,3.61678,1.05665,3.61678,1.05665,0,0,1.05665,0,0,0,0,0,0,0,0,0,0,0,0,0,0,0,0,0,0,0]},{"s":"Bisexual and queer","c":"indigo","l":[37.47927,0.98958],"n":[109,180,270,393,459,470,544,790,653,741,825,824,955,760,836,790,621,769,619,522,503,479,515,378,371,340,295,356,269,290,266,253,258,223,194,200,216,207,137,170,169,135,115,127,98,83,94,89,80,69,43,53,40,29,25,21,9,13,6,6,9,1,2,1,3,1,1,0,0,0,0,0,0,1],"p":[9,14,21,26,26,34,42,35,38,44,44,43,34,25,27,24,18,23,17,18,15,10,8,10,7,8,9,5,1,5,2,2,2,6,0,1,4,3,3,0,6,0,3,0,0,1,1,1,0,0,0,0,0,0,1,0,0,0,0,0,0,0,0,0,0,0,0,0,0,0,0,0,0,0],"N":[97.02623,153.54202,247.96619,356.49528,428.72029,418.26876,485.62452,300.40306,282.30575,316.18958,352.13172,367.02004,390.32685,327.02056,367.52037,342.78847,291.73834,545.47354,469.62452,403.07321,376.08691,348.10177,392.20054,275.24909,280.93306,260.26898,222.60116,260.98232,190.46945,220.51482,193.02692,187.72048,803.04032,720.71194,571.83858,589.02551,639.17661,623.35969,407.43843,486.62229,514.06705,396.99319,281.67917,384.07467,287.14755,277.04179,261.88405,243.04433,224.74616,168.68353,117.65139,159.7535,112.01153,82.70878,68.21824,74.82229,26.84381,54.45446,22.17239,16.86536,27.54751,3.77402,4.87399,3.61678,8.64801,1.01287,3.61678,0,0,0,0,0,0,2.6578],"P":[8.09483,11.80803,19.1855,20.95087,24.23857,29.72436,35.90671,11.11903,14.78188,20.47436,15.91591,15.9722,13.64799,10.84335,9.47589,10.14431,5.4151,14.7886,10.93467,12.37107,12.05598,5.51615,5.5036,7.04228,4.98592,4.58668,5.56335,1.97775,0,4.12924,0.93943,0.99839,3.27284,8.44176,0,1.01287,8.58843,8.93237,4.54336,0,14.13328,0,8.13107,0,0,0.92658,1.01287,3.61678,0,0,0,0,0,0,1.05665,0,0,0,0,0,0,0,0,0,0,0,0,0,0,0,0,0,0,0]},{"s":"Queer people who are bisexual","c":"olive","l":[36.32035,61.33676],"n":[4,8,27,26,31,29,25,45,37,34,41,34,41,31,34,36,21,31,14,10,8,8,10,6,12,5,6,10,7,9,4,8,6,8,6,4,3,8,3,7,4,3,0,3,2,1,1,4,1,1,1,2,0,0,0,0,0,0,0,0,0,0,0,0,0,0,0,0,0,0,0,0,0,0],"p":[9,14,21,26,26,34,42,35,38,44,44,43,34,25,27,24,18,23,17,18,15,10,8,10,7,8,9,5,1,5,2,2,2,6,0,1,4,3,3,0,6,0,3,0,0,1,1,1,0,0,0,0,0,0,1,0,0,0,0,0,0,0,0,0,0,0,0,0,0,0,0,0,0,0],"N":[4.64523,6.08873,25.875,18.77791,28.15287,23.04174,19.95368,17.58469,12.70692,14.0647,15.02071,12.75831,16.42834,11.70176,13.61967,11.08241,9.44305,19.20342,10.05247,7.30884,5.14912,4.73158,4.6677,3.08501,8.58888,3.91918,2.93162,4.2185,5.27038,6.6988,3.6219,6.07738,19.05674,15.87981,11.52937,13.66537,4.54336,24.91002,9.60699,18.7947,11.14856,3.67066,0,6.17892,6.27457,3.77402,2.6578,10.14626,3.61678,1.05665,3.61678,1.05665,0,0,0,0,0,0,0,0,0,0,0,0,0,0,0,0,0,0,0,0,0,0],"P":[8.09483,11.80803,19.1855,20.95087,24.23857,29.72436,35.90671,11.11903,14.78188,20.47436,15.91591,15.9722,13.64799,10.84335,9.47589,10.14431,5.4151,14.7886,10.93467,12.37107,12.05598,5.51615,5.5036,7.04228,4.98592,4.58668,5.56335,1.97775,0,4.12924,0.93943,0.99839,3.27284,8.44176,0,1.01287,8.58843,8.93237,4.54336,0,14.13328,0,8.13107,0,0,0.92658,1.01287,3.61678,0,0,0,0,0,0,1.05665,0,0,0,0,0,0,0,0,0,0,0,0,0,0,0,0,0,0,0]},{"s":"Bisexual people who are queer","c":"orange","l":[45.36558,9.09655],"n":[11,19,29,31,49,49,72,99,71,84,98,85,103,75,73,67,51,67,64,38,46,38,44,40,30,21,29,36,16,18,36,22,23,15,17,14,17,9,4,7,7,8,6,3,3,3,6,3,1,5,1,1,4,0,0,0,0,1,0,0,0,0,0,0,0,1,0,0,0,0,0,0,0,0],"p":[9,14,21,26,26,34,42,35,38,44,44,43,34,25,27,24,18,23,17,18,15,10,8,10,7,8,9,5,1,5,2,2,2,6,0,1,4,3,3,0,6,0,3,0,0,1,1,1,0,0,0,0,0,0,1,0,0,0,0,0,0,0,0,0,0,0,0,0,0,0,0,0,0,0],"N":[10.98039,17.46625,26.58803,30.51798,44.28823,37.77782,56.79588,27.1777,24.40533,27.09609,35.85094,34.86551,41.88548,28.11955,24.58384,23.63986,21.68075,44.81782,42.35628,25.1082,25.14132,26.38463,28.79751,21.30659,21.87076,12.93642,17.07448,16.51094,7.44152,11.43168,17.75223,12.34556,47.70185,31.184,70.64954,30.53639,28.57327,12.64641,10.70696,11.92847,11.68789,21.21247,6.38715,8.53849,4.54336,2.95232,22.2636,6.37224,3.77402,8.15077,3.77402,1.30493,12.54915,0,0,0,0,2.21619,0,0,0,0,0,0,0,1.01287,0,0,0,0,0,0,0,0],