{"name":"TimeTaken","ax":"Minutes","ay":"%","xt":[0,2,4,6,8,10,12,14,16,18,20],"yt":[0,10,20,30,40,50,60,70,80,90,100],"hover":[1,1],"legend":[[0],[1,3],[2,4]],"seq":[{"i":[0],"x":[0,20],"y":[0,100],"tx":[1,1,1,1,1,1,1,1,1,1,1],"ty":[1,1,1,1,1,1,1,1,1,1,1]},{"i":[1,2],"x":[0,20],"y":[0,100],"tx":[1,1,1,1,1,1,1,1,1,1,1],"ty":[1,1,1,1,1,1,1,1,1,1,1]},{"i":[3,4],"x":[0,20],"y":[0,100],"tx":[1,1,1,1,1,1,1,1,1,1,1],"ty":[1,1,1,1,1,1,1,1,1,1,1],"from":[1,2]}],"type":"XY","series":[{"s":"Total (% of peak)","c":"black","a":0.8,"w":0,"l":[8.4799,77.48438],"x":[0,0.25,0.5,0.75,1,1.25,1.5,1.75,2,2.25,2.5,2.75,3,3.25,3.5,3.75,4,4.25,4.5,4.75,5,5.25,5.5,5.75,6,6.25,6.5,6.75,7,7.25,7.5,7.75,8,8.25,8.5,8.75,9,9.25,9.5,9.75,10,10.25,10.5,10.75,11,11.25,11.5,11.75,12,12.25,12.5,12.75,13,13.25,13.5,13.75,14,14.25,14.5,14.75,15,15.25,15.5,15.75,16,16.25,16.5,16.75,17,17.25,17.5,17.75,18,18.25,18.5,18.75,19,19.25,19.5,19.75,20,20,19.75,19.5,19.25,19,18.75,18.5,18.25,18,17.75,17.5,17.25,17,16.75,16.5,16.25,16,15.75,15.5,15.25,15,14.75,14.5,14.25,14,13.75,13.5,13.25,13,12.75,12.5,12.25,12,11.75,11.5,11.25,11,10.75,10.5,10.25,10,9.75,9.5,9.25,9,8.75,8.5,8.25,8,7.75,7.5,7.25,7,6.75,6.5,6.25,6,5.75,5.5,5.25,5,4.75,4.5,4.25,4,3.75,3.5,3.25,3,2.75,2.5,2.25,2,1.75,1.5,1.25,1,0.75,0.5,0.25,0],"y":[0,0,0,0,0.7431,0.84926,1.91083,1.38004,1.06157,1.59236,2.44161,6.47558,15.39278,34.50106,53.39703,69.63907,84.3949,100,97.7707,94.26752,97.7707,92.88747,91.61359,83.97028,80.57325,68.78981,68.68365,59.76645,56.47558,54.35244,47.98301,47.13376,41.50743,33.43949,35.77495,31.21019,27.70701,27.81316,25.58386,22.18684,24.41614,20.70064,21.33758,19.95754,18.15287,18.78981,14.22505,16.45435,16.77282,13.26964,12.52654,12.20807,10.08493,12.6327,12.20807,11.57113,10.50955,10.72187,8.38641,10.29724,9.87261,7.53715,9.02335,7.64331,7.85563,6.90021,7.53715,8.59873,7.00637,7.431,6.05096,7.74947,6.15711,5.52017,6.05096,6.05096,5.2017,6.79406,5.2017,7.53715,5.62633,0,0,0,0,0,0,0,0,0,0,0,0,0,0,0,0,0,0,0,0,0,0,0,0,0,0,0,0,0,0,0,0,0,0,0,0,0,0,0,0,0,0,0,0,0,0,0,0,0,0,0,0,0,0,0,0,0,0,0,0,0,0,0,0,0,0,0,0,0,0,0,0,0,0,0,0,0,0,0,0,0]},{"s":"Accepted","c":"black","a":0.8,"w":0,"l":[5,50],"x":[0,0.25,0.5,0.75,1,1.25,1.5,1.75,2,2.25,2.5,2.75,3,3.25,3.5,3.75,4,4.25,4.5,4.75,5,5.25,5.5,5.75,6,6.25,6.5,6.75,7,7.25,7.5,7.75,8,8.25,8.5,8.75,9,9.25,9.5,9.75,10,10.25,10.5,10.75,11,11.25,11.5,11.75,12,12.25,12.5,12.75,13,13.25,13.5,13.75,14,14.25,14.5,14.75,15,15.25,15.5,15.75,16,16.25,16.5,16.75,17,17.25,17.5,17.75,18,18.25,18.5,18.75,19,19.25,19.5,19.75,20,20,19.75,19.5,19.25,19,18.75,18.5,18.25,18,17.75,17.5,17.25,17,16.75,16.5,16.25,16,15.75,15.5,15.25,15,14.75,14.5,14.25,14,13.75,13.5,13.25,13,12.75,12.5,12.25,12,11.75,11.5,11.25,11,10.75,10.5,10.25,10,9.75,9.5,9.25,9,8.75,8.5,8.25,8,7.75,7.5,7.25,7,6.75,6.5,6.25,6,5.75,5.5,5.25,5,4.75,4.5,4.25,4,3.75,3.5,3.25,3,2.75,2.5,2.25,2,1.75,1.5,1.25,1,0.75,0.5,0.25,0],"y":[0,0,0,0,0,0,0,0.10616,0.10616,0.31847,1.4862,5.09554,14.54352,31.63482,49.04459,65.81741,80.25478,93.63057,92.03822,86.6242,91.0828,85.56263,84.92569,76.11465,72.82378,62.95117,61.8896,53.7155,49.57537,47.66454,42.569,41.18896,35.98726,28.66242,29.51168,27.28238,24.62845,22.82378,21.65605,18.15287,19.42675,17.40977,16.98514,16.98514,14.33121,14.862,11.25265,12.6327,12.20807,10.29724,9.87261,9.12951,7.74947,9.12951,9.34183,8.28025,8.49257,8.49257,6.79406,7.53715,6.6879,5.73248,6.90021,5.52017,5.52017,5.2017,5.09554,5.9448,5.30786,5.73248,4.77707,5.09554,4.14013,3.82166,4.88323,4.67091,3.50318,4.67091,3.92781,4.4586,3.92781,0,0,0,0,0,0,0,0,0,0,0,0,0,0,0,0,0,0,0,0,0,0,0,0,0,0,0,0,0,0,0,0,0,0,0,0,0,0,0,0,0,0,0,0,0,0,0,0,0,0,0,0,0,0,0,0,0,0,0,0,0,0,0,0,0,0,0,0,0,0,0,0,0,0,0,0,0,0,0,0,0]},{"s":"Rejected","c":"magenta","a":0.8,"w":0,"l":[10,30],"x":[0,0.25,0.5,0.75,1,1.25,1.5,1.75,2,2.25,2.5,2.75,3,3.25,3.5,3.75,4,4.25,4.5,4.75,5,5.25,5.5,5.75,6,6.25,6.5,6.75,7,7.25,7.5,7.75,8,8.25,8.5,8.75,9,9.25,9.5,9.75,10,10.25,10.5,10.75,11,11.25,11.5,11.75,12,12.25,12.5,12.75,13,13.25,13.5,13.75,14,14.25,14.5,14.75,15,15.25,15.5,15.75,16,16.25,16.5,16.75,17,17.25,17.5,17.75,18,18.25,18.5,18.75,19,19.25,19.5,19.75,20,20,19.75,19.5,19.25,19,18.75,18.5,18.25,18,17.75,17.5,17.25,17,16.75,16.5,16.25,16,15.75,15.5,15.25,15,14.75,14.5,14.25,14,13.75,13.5,13.25,13,12.75,12.5,12.25,12,11.75,11.5,11.25,11,10.75,10.5,10.25,10,9.75,9.5,9.25,9,8.75,8.5,8.25,8,7.75,7.5,7.25,7,6.75,6.5,6.25,6,5.75,5.5,5.25,5,4.75,4.5,4.25,4,3.75,3.5,3.25,3,2.75,2.5,2.25,2,1.75,1.5,1.25,1,0.75,0.5,0.25,0],"y":[0,0,0,0,0,0,0,0.10616,0.10616,0.31847,1.4862,5.09554,14.54352,31.63482,49.04459,65.81741,80.25478,93.63057,92.03822,86.6242,91.0828,85.56263,84.92569,76.11465,72.82378,62.95117,61.8896,53.7155,49.57537,47.66454,42.569,41.18896,35.98726,28.66242,29.51168,27.28238,24.62845,22.82378,21.65605,18.15287,19.42675,17.40977,16.98514,16.98514,14.33121,14.862,11.25265,12.6327,12.20807,10.29724,9.87261,9.12951,7.74947,9.12951,9.34183,8.28025,8.49257,8.49257,6.79406,7.53715,6.6879,5.73248,6.90021,5.52017,5.52017,5.2017,5.09554,5.9448,5.30786,5.73248,4.77707,5.09554,4.14013,3.82166,4.88323,4.67091,3.50318,4.67091,3.92781,4.4586,3.92781,5.62633,7.53715,5.2017,6.79406,5.2017,6.05096,6.05096,5.52017,6.15711,7.74947,6.05096,7.431,7.00637,8.59873,7.53715,6.90021,7.85563,7.64331,9.02335,7.53715,9.87261,10.29724,8.38641,10.72187,10.50955,11.57113,12.20807,12.6327,10.08493,12.20807,12.52654,13.26964,16.77282,16.45435,14.22505,18.78981,18.15287,19.95754,21.33758,20.70064,24.41614,22.18684,25.58386,27.81316,27.70701,31.21019,35.77495,33.43949,41.50743,47.13376,47.98301,54.35244,56.47558,59.76645,68.68365,68.78981,80.57325,83.97028,91.61359,92.88747,97.7707,94.26752,97.7707,100,84.3949,69.63907,53.39703,34.50106,15.39278,6.47558,2.44161,1.59236,1.06157,1.38004,1.91083,0.84926,0.7431,0,0,0,0]},{"s":"Accepted","c":"black","a":0.8,"w":0,"l":[4.97487,73.95833],"x":[0,0.25,0.5,0.75,1,1.25,1.5,1.75,2,2.25,2.5,2.75,3,3.25,3.5,3.75,4,4.25,4.5,4.75,5,5.25,5.5,5.75,6,6.25,6.5,6.75,7,7.25,7.5,7.75,8,8.25,8.5,8.75,9,9.25,9.5,9.75,10,10.25,10.5,10.75,11,11.25,11.5,11.75,12,12.25,12.5,12.75,13,13.25,13.5,13.75,14,14.25,14.5,14.75,15,15.25,15.5,15.75,16,16.25,16.5,16.75,17,17.25,17.5,17.75,18,18.25,18.5,18.75,19,19.25,19.5,19.75,20,20,19.75,19.5,19.25,19,18.75,18.5,18.25,18,17.75,17.5,17.25,17,16.75,16.5,16.25,16,15.75,15.5,15.25,15,14.75,14.5,14.25,14,13.75,13.5,13.25,13,12.75,12.5,12.25,12,11.75,11.5,11.25,11,10.75,10.5,10.25,10,9.75,9.5,9.25,9,8.75,8.5,8.25,8,7.75,7.5,7.25,7,6.75,6.5,6.25,6,5.75,5.5,5.25,5,4.75,4.5,4.25,4,3.75,3.5,3.25,3,2.75,2.5,2.25,2,1.75,1.5,1.25,1,0.75,0.5,0.25,0],"y":[0,0,0,0,0,0,0,7.69231,10,20,60.86957,78.68852,94.48276,91.69231,91.84891,94.5122,95.09434,93.63057,94.13681,91.89189,93.15961,92.11429,92.69988,90.64475,90.38208,91.51235,90.10819,89.87567,87.78195,87.69531,88.71681,87.38739,86.70077,85.71429,82.49258,87.41497,88.88889,82.06107,84.6473,81.81818,79.56522,84.10256,79.60199,85.10638,78.94737,79.09605,79.10448,76.77419,72.78481,77.6,78.81356,74.78261,76.84211,72.26891,76.52174,71.55963,80.80808,79.20792,81.01266,73.19588,67.74194,76.05634,76.47059,72.22222,70.27027,75.38462,67.60563,69.1358,75.75758,77.14286,78.94737,65.75342,67.24138,69.23077,80.70175,77.19298,67.34694,68.75,75.5102,59.15493,69.81132,0,0,0,0,0,0,0,0,0,0,0,0,0,0,0,0,0,0,0,0,0,0,0,0,0,0,0,0,0,0,0,0,0,0,0,0,0,0,0,0,0,0,0,0,0,0,0,0,0,0,0,0,0,0,0,0,0,0,0,0,0,0,0,0,0,0,0,0,0,0,0,0,0,0,0,0,0,0,0,0,0]},{"s":"Rejected","c":"magenta","a":0.8,"w":0,"l":[14.54774,89.71354],