{"name":"TransAAB","seq":[{"i":[0],"y":[0,5],"t":[1,1,1,1,1,1,0,0,0,0,0,0,0,0,0,0,0,0]},{"i":[1,2],"y":[0,7],"t":[1,1,1,1,1,1,1,1,0,0,0,0,0,0,0,0,0,0],"from":[0,0]},{"i":[3,4],"y":[0,100],"t":[1,0,0,0,0,0,0,0,1,1,1,1,1,1,1,1,1,1]}],"type":"AgeCat","x":[18,92],"bins":[18,21,28,35,43,52,84],"xt":[20,30,40,50,60,70,80,90],"yt":[0,1,2,3,4,5,6,7,10,20,30,40,50,60,70,80,90,100],"z":1.64485,"series":[{"s":"Trans","c":"black","l":[40.67305,1.49236],"n":[114,189,276,403,471,492,571,805,674,768,854,853,959,772,838,803,632,779,628,532,511,486,518,383,376,344,300,352,268,291,266,251,258,227,191,200,220,210,137,168,173,134,117,126,97,84,94,90,80,69,43,53,40,29,26,21,9,13,6,6,9,1,2,1,3,1,1,0,0,0,0,0,0,1],"p":[4,5,15,16,14,12,15,20,17,17,15,14,30,13,25,11,7,13,8,8,7,3,5,5,2,4,4,9,2,4,2,4,2,2,3,1,0,0,3,2,2,1,1,1,1,0,1,0,0,0,0,0,0,0,0,0,0,0,0,0,0,0,0,0,0,0,0,0,0,0,0,0,0,0],"N":[100.91183,161.89085,252.94819,362.649,444.43183,439.49544,507.12127,306.83054,292.20078,332.2368,364.63224,378.59137,394.92512,333.35914,368.05973,349.37236,295.54918,554.87076,475.84839,410.83013,384.80974,352.55978,395.5327,278.96597,284.25241,262.1163,226.86698,259.32069,190.19046,222.47604,193.40837,185.40558,798.79591,727.08418,568.88626,589.1118,647.76504,632.29206,407.06008,482.07893,524.97127,396.99319,288.88365,382.76974,283.37353,277.96837,261.88405,246.66111,224.74616,168.68353,117.65139,159.7535,112.01153,82.70878,69.27489,74.82229,26.84381,54.45446,22.17239,16.86536,27.54751,3.77402,4.87399,3.61678,8.64801,1.01287,3.61678,0,0,0,0,0,0,2.6578],"P":[4.20924,3.45919,14.2035,14.79715,8.52703,8.49768,14.40995,4.69156,4.88685,4.42714,3.41538,4.40087,9.04972,4.50476,8.93653,3.56042,1.60426,5.39138,4.7108,4.61415,3.33315,1.05813,2.17145,3.3254,1.66658,2.73937,1.29752,3.63937,0.27899,2.16801,0.55798,3.31329,7.51725,2.06952,2.95232,0.92658,0,0,4.92171,4.54336,3.22906,0,0.92658,1.30493,3.77402,0,1.01287,0,0,0,0,0,0,0,0,0,0,0,0,0,0,0,0,0,0,0,0,0,0,0,0,0,0,0]},{"s":"Trans if assigned female at birth","c":"teal","l":[39.11935,2.83263],"n":[54,95,147,247,250,277,309,449,386,422,429,431,462,403,431,423,310,389,335,285,273,260,261,215,199,186,187,211,150,171,153,144,157,116,118,122,128,125,73,108,114,88,75,86,63,47,55,59,47,44,29,31,29,18,18,14,7,8,0,5,4,0,2,0,2,1,0,0,0,0,0,0,0,1],"p":[1,5,11,10,9,9,12,14,9,10,9,9,17,6,13,5,6,5,4,3,2,2,2,3,1,1,1,6,0,1,0,2,1,2,2,0,0,0,0,0,2,0,0,0,0,0,1,0,0,0,0,0,0,0,0,0,0,0,0,0,0,0,0,0,0,0,0,0,0,0,0,0,0,0],"N":[41.2623,71.3855,115.03517,198.61146,202.41829,217.06012,247.6563,161.22648,154.22077,174.76709,173.67872,182.56728,184.16335,163.1271,178.18786,169.85215,132.34313,254.50899,225.33519,203.80501,181.66586,177.36301,181.1413,149.08679,144.14524,131.72554,137.14252,141.4988,97.87203,125.23391,101.55928,96.23695,377.33185,291.81885,341.9716,340.57341,324.62342,345.7197,182.80591,297.63659,306.87284,219.84651,171.86658,253.23472,165.97874,121.07123,127.41085,140.12423,108.60607,98.94823,68.22767,70.91323,73.90986,45.75479,45.79757,39.94903,19.61026,26.97199,0,13.09134,9.30638,0,4.87399,0,4.87399,1.01287,0,0,0,0,0,0,0,2.6578],"P":[0.86808,3.45919,9.35169,8.11484,5.46372,7.38396,10.61842,4.0518,1.97516,3.42727,2.44641,3.4287,4.38117,2.35228,3.94159,1.98424,1.60426,2.67274,2.58366,1.05123,1.59217,0.85583,0.99148,2.25261,0.79609,0.79609,0.22473,1.69609,0,0.22473,0,2.90869,2.21619,2.06952,2.02574,0,0,0,0,0,3.22906,0,0,0,0,0,1.01287,0,0,0,0,0,0,0,0,0,0,0,0,0,0,0,0,0,0,0,0,0,0,0,0,0,0,0]},{"s":"Trans if assigned male at birth","c":"orange","l":[28.9441,0.45541],"n":[60,94,128,152,221,209,252,340,280,336,413,408,479,356,397,374,314,380,288,244,228,220,253,158,168,152,111,137,116,117,110,104,99,108,71,77,88,80,62,56,57,43,39,37,34,35,38,30,33,24,14,20,11,11,8,7,2,5,6,1,5,1,0,1,1,0,1,0,0,0,0,0,0,0],"p":[3,0,4,6,4,1,3,4,8,6,5,4,11,6,10,5,0,5,3,4,2,1,2,2,1,3,2,3,1,3,2,2,1,0,1,1,0,0,2,2,0,0,1,1,1,0,0,0,0,0,0,0,0,0,0,0,0,0,0,0,0,0,0,0,0,0,0,0,0,0,0,0,0,0],"N":[59.64953,90.50535,137.91303,164.03754,242.01354,222.43532,259.46497,145.60406,137.98001,157.46971,190.95352,196.02409,210.76177,170.23205,189.87187,179.52021,163.20605,300.36178,250.5132,207.02512,203.14388,175.19677,214.39139,129.87918,140.10717,130.39076,89.72446,117.82189,92.31843,97.24214,91.84908,89.16862,421.46406,435.26533,226.91466,248.53838,323.14162,286.57237,224.25416,184.44234,218.09843,177.14669,117.01707,129.53502,117.39479,156.89714,134.4732,106.53688,116.14008,69.73531,49.42373,88.84027,38.10167,36.95398,23.47732,34.87326,7.23356,27.48246,22.17239,3.77402,18.24113,3.77402,0,3.61678,3.77402,0,3.61678,0,0,0,0,0,0,0],"P":[3.34115,0,4.85181,6.68231,3.06331,1.11372,3.79153,0.63976,2.91169,0.99988,0.96897,0.97216,4.66855,2.15249,4.99493,1.57618,0,2.71864,2.12714,3.56292,1.74098,0.2023,1.17996,1.07279,0.87049,1.94328,1.07279,1.94328,0.27899,1.94328,0.55798,0.40461,5.30106,0,0.92658,0.92658,0,0,4.92171,4.54336,0,0,0.92658,1.30493,3.77402,0,0,0,0,0,0,0,0,0,0,0,0,0,0,0,0,0,0,0,0,0,0,0,0,0,0,0,0,0]},{"s":"Fraction of trans assigned female at birth","c":"teal","l":[51.8816,18.61979],"n":[3,0,4,6,5,3,3,6,8,7,6,5,13,7,12,6,1,8,4,5,5,1,3,2,1,3,3,3,2,3,2,2,1,0,1,1,0,0,3,2,0,1,1,1,1,0,0,0,0,0,0,0,0,0,0,0,0,0,0,0,0,0,0,0,0,0,0,0,0,0,0,0,0,0],"p":[1,5,11,10,9,9,12,14,9,10,9,9,17,6,13,5,6,5,4,3,2,2,2,3,1,1,1,6,0,1,0,2,1,2,2,0,0,0,0,0,2,0,0,0,0,0,1,0,0,0,0,0,0,0,0,0,0,0,0,0,0,0,0,0,0,0,0,0,0,0,0,0,0,0],"N":[3.34115,0,4.85181,6.68231,3.06331,1.11372,3.79153,0.63976,2.91169,0.99988,0.96897,0.97216,4.66855,2.15249,4.99493,1.57618,0,2.71864,2.12714,3.56292,1.74098,0.2023,1.17996,1.07279,0.87049,1.94328,1.07279,1.94328,0.27899,1.94328,0.55798,0.40461,5.30106,0,0.92658,0.92658,0,0,4.92171,4.54336,0,0,0.92658,1.30493,3.77402,0,0,0,0,0,0,0,0,0,0,0,0,0,0,0,0,0,0,0,0,0,0,0,0,0,0,0,0,0],"P":[0.86808,3.45919,9.35169,8.11484,5.46372,7.38396,10.61842,4.0518,1.97516,3.42727,2.44641,3.4287,4.38117,2.35228,3.94159,1.98424,1.60426,2.67274,2.58366,1.05123,1.59217,0.85583,0.99148,2.25261,0.79609,0.79609,0.22473,1.69609,0,0.22473,0,2.90869,2.21619,2.06952,2.02574,0,0,0,0,0,3.22906,0,0,0,0,0,1.01287,0,0,0,0,0,0,0,0,0,0,0,0,0,0,0,0,0,0,0,0,0,0,0,0,0,0,0]},{"s":"Fraction of trans assigned male at birth","c":"orange","l":[52.33888,80.46875],"n":[1,5,11,10,10,11,12,16,9,11,10,10,19,7,15,6,7,8,5,4,5,2,3,3,1,1,2,6,1,1,0,2,1,2,2,0,0,0,1,0,2,1,0,0,0,0,1,0,0,0,0,0,0,0,0,0,0,0,0,0,0,0,0,0,0,0,0,0,0,0,0,0,0,0],"p":[3,0,4,6,4,1,3,4,8,6,5,4,11,6,10,5,0,5,3,4,2,1,2,2,1,3,2,3,1,3,2,2,1,0,1,1,0,0,2,2,0,0,1,1,1,0,0,0,0,0,0,0,0,0,0,0,0,0,0,0,0,0,0,0,0,0,0,0,0,0,0,0,0,0],"N":[0.86808,3.45919,9.35169,8.11484,5.46372,7.38396,10.61842,4.0518,1.97516,3.42727,2.44641,3.4287,4.38117,2.35228,3.94159,1.98424,1.60426,2.67274,2.58366,1.05123,1.59217,0.85583,0.99148,2.25261,0.79609,0.79609,0.22473,1.69609,0,0.22473,0,2.90869,2.21619,2.06952,2.02574,0,0,0,0,0,3.22906,0,0,0,0,0,1.01287,0,0,0,0,0,0,0,0,0,0,0,0,0,0,0,0,0,0,0,0,0,0,0,0,0,0,0],"P":[3.34115,0,4.85181,6.68231,3.06331,1.11372,3.79153,0.63976,2.91169,0.99988,0.96897,0.97216,4.66855,2.15249,4.99493,1.57618,0,2.71864,2.12714,3.56292,1.74098,0.2023,1.17996,1.07279,0.87049,1.94328,1.07279,1.94328,0.27899,1.94328,0.55798,0.40461,5.30106,0,0.92658,0.92658,0,0,4.92171,4.54336,0,0,0.92658,1.30493,3.77402,0,0,0,0,0,0,0,0,0,0,0,0,0,0,0,0,0,0,0,0,0,0,0,0,0,0,0,0,0]}],