{
    "name": "YearMonog",
    "str": [
        [
            [
                0,
                0,
                0
            ],
            "\u201cAre you monogamous?\u201d",
            [
                0.5,
                0.83
            ]
        ]
    ],
    "seq": [
        {
            "i": [
                0
            ],
            "y": [
                75,
                90
            ],
            "t": [
                0,
                0,
                0,
                0,
                1,
                1,
                1,
                1,
                1,
                1,
                1,
                1,
                1,
                1,
                1,
                1,
                1,
                1,
                1,
                1
            ],
            "s": [
                1
            ]
        },
        {
            "i": [
                0,
                1
            ],
            "y": [
                68,
                90
            ],
            "t": [
                1,
                1,
                1,
                1,
                0,
                1,
                0,
                1,
                0,
                1,
                0,
                1,
                0,
                1,
                0,
                1,
                0,
                1,
                0,
                1
            ],
            "s": [
                1
            ],
            "from": [
                0,
                0
            ]
        }
    ],
    "type": "AgeCat",
    "x": [
        18,
        92
    ],
    "bins": [
        18,
        26,
        38,
        53,
        67,
        78
    ],
    "xt": [
        20,
        25,
        30,
        35,
        40,
        45,
        50,
        55,
        60,
        65,
        70,
        75,
        80,
        85,
        90,
        95
    ],
    "yt": [
        68,
        70,
        72,
        74,
        75,
        76,
        77,
        78,
        79,
        80,
        81,
        82,
        83,
        84,
        85,
        86,
        87,
        88,
        89,
        90
    ],
    "z": 1.64485,
    "series": [
        {
            "s": "2018–19",
            "c": "teal",
            "l": [
                30.24749,
                79.45833
            ],
            "n": [
                19,
                30,
                31,
                52,
                57,
                72,
                73,
                93,
                82,
                129,
                130,
                111,
                106,
                78,
                78,
                79,
                70,
                78,
                39,
                44,
                45,
                39,
                39,
                35,
                32,
                29,
                39,
                31,
                21,
                27,
                17,
                26,
                19,
                16,
                15,
                10,
                12,
                15,
                8,
                15,
                8,
                8,
                5,
                11,
                7,
                7,
                7,
                9,
                8,
                3,
                5,
                1,
                2,
                2,
                3,
                1,
                0,
                3,
                1,
                0,
                1,
                0,
                0,
                0,
                0,
                0,
                0,
                0,
                0,
                0,
                0,
                0,
                0,
                1
            ],
            "p": [
                49,
                65,
                133,
                177,
                218,
                230,
                214,
                279,
                261,
                308,
                345,
                350,
                355,
                302,
                351,
                340,
                266,
                319,
                288,
                235,
                232,
                219,
                205,
                156,
                174,
                153,
                132,
                150,
                118,
                152,
                119,
                121,
                117,
                99,
                96,
                98,
                112,
                113,
                62,
                87,
                86,
                67,
                60,
                62,
                53,
                37,
                43,
                42,
                33,
                31,
                26,
                24,
                22,
                10,
                11,
                8,
                5,
                6,
                2,
                1,
                5,
                0,
                1,
                1,
                3,
                0,
                0,
                0,
                0,
                0,
                0,
                0,
                0,
                0
            ],
            "N": [
                19,
                30,
                31,
                52,
                57,
                72,
                73,
                93,
                82,
                129,
                130,
                111,
                106,
                78,
                78,
                79,
                70,
                78,
                39,
                44,
                45,
                39,
                39,
                35,
                32,
                29,
                39,
                31,
                21,
                27,
                17,
                26,
                19,
                16,
                15,
                10,
                12,
                15,
                8,
                15,
                8,
                8,
                5,
                11,
                7,
                7,
                7,
                9,
                8,
                3,
                5,
                1,
                2,
                2,
                3,
                1,
                0,
                3,
                1,
                0,
                1,
                0,
                0,
                0,
                0,
                0,
                0,
                0,
                0,
                0,
                0,
                0,
                0,
                1
            ],