{"name":"AmbiHanded","seq":[{"i":[0,1,2],"y":[0,100],"t":[1,0,0,0,0,1,0,0,1,1,1,1,1,1,1,1,1]},{"i":[2],"y":[0,15],"t":[1,1,1,1,1,1,1,1,0,0,0,0,0,0,0,0,0]},{"i":[2,3],"y":[0,15],"t":[1,1,1,1,1,1,1,1,0,0,0,0,0,0,0,0,0]}],"mobile":[1,2],"type":"AgeCat","x":[18,84],"bins":[18,21,25,30,40,50,80],"xt":[20,30,40,50,60,70,80,90],"yt":[0,2,4,6,8,10,12,14,20,30,40,50,60,70,80,90,100],"z":1.64485,"series":[{"s":"Strictly left-handed","c":"cyan","l":[39.82067,4.42708],"n":[18,36,60,89,146,131,191,189,219,236,234,229,248,224,238,221,223,225,158,154,153,130,115,100,90,97,84,80,73,70,58,78,66,45,59,63,47,67,55,40,47,33,41,27,39,20,25,19,25,26,16,5,15,10,7,5,6,5,1,3,1,1,1,1,0,0],"p":[0,2,6,12,14,22,19,22,19,22,24,29,24,19,23,24,27,20,20,11,17,7,12,13,10,11,5,4,8,11,13,7,3,6,3,4,5,5,1,0,5,6,3,4,1,2,4,2,5,1,5,0,0,0,0,0,0,1,0,0,0,0,0,0,0,1],"N":[12.79255,35.32338,63.0283,85.24032,129.58655,127.70136,181.61381,78.88572,89.65795,97.67541,93.83517,96.34106,112.74116,96.33686,96.5431,92.25303,89.34514,162.56022,117.10703,120.91295,128.15907,105.14339,85.56074,75.76623,67.01236,79.73846,66.58544,64.86218,59.79034,54.64725,41.53037,59.00566,218.02357,152.17371,157.55828,186.41263,123.98008,172.5968,157.97951,144.05483,128.31609,91.35481,103.15312,73.08845,122.1015,54.20664,82.36425,61.41728,67.32488,71.21024,41.93664,25.3007,40.40434,40.64978,16.52095,19.39685,13.56564,26.57102,3.42456,8.00907,2.29225,2.12527,2.29225,2.29225,0,0],"P":[0,1.12096,5.76462,13.15038,12.54291,20.29456,14.22276,9.74567,8.00715,8.62928,9.42056,11.64831,11.84949,7.38435,9.35274,9.20402,12.36987,17.34537,16.24343,9.53078,13.94326,4.24487,8.52777,9.29669,6.64084,6.92184,3.01362,5.69637,5.90684,7.05541,9.84993,4.97127,6.10271,18.13417,6.05753,11.26664,13.56971,12.39895,2.29225,0,14.54262,13.5589,7.6751,13.17843,4.45998,5.71681,13.10959,5.54983,16.01213,2.29225,13.40273,0,0,0,0,0,0,3.43538,0,0,0,0,0,0,0,3.43538]},{"s":"Strictly right-handed","c":"magenta","l":[40.22111,87.23958],"n":[0,3,10,24,29,34,35,42,54,43,54,51,48,40,44,48,49,41,36,31,32,27,24,21,19,22,13,15,14,21,22,16,13,15,12,13,10,17,10,5,11,10,7,5,6,4,7,4,8,7,6,0,2,0,1,1,2,1,0,0,0,0,0,0,0,1],"p":[18,35,56,77,131,119,175,169,184,215,204,207,224,203,217,197,201,204,142,134,138,110,103,92,81,86,76,69,67,60,49,69,56,36,50,54,42,55,46,35,41,29,37,26,34,18,22,17,22,20,15,5,13,10,6,4,4,5,1,3,1,1,1,1,0,0],"N":[0,1.12096,8.69823,21.78541,22.97836,33.27988,28.47919,17.26481,23.43495,15.35223,20.62094,20.70476,21.93066,14.81179,17.53777,17.73977,21.14065,30.15998,26.25378,24.72661,26.91161,17.35997,19.29016,15.05112,13.31401,17.48726,9.77118,13.03688,11.6087,13.9649,16.19049,11.58036,60.98366,59.17043,30.33763,35.47239,25.67314,44.4014,29.16997,14.74448,26.9692,23.52624,17.00102,19.053,19.162,10.6144,21.11865,20.72219,25.16433,19.21531,16.82729,0,5.71681,0,2.29225,3.42456,3.59829,3.43538,0,0,0,0,0,0,0,3.43538],"P":[12.79255,35.32338,60.09469,76.60529,119.1511,114.71603,167.35739,71.36658,74.23015,90.95245,82.63478,87.2846,102.65999,88.90942,88.35807,83.71728,80.57436,149.7456,107.09668,105.71712,115.19072,92.02829,74.79835,70.0118,60.33919,69.17304,59.82788,57.52167,54.08848,47.73776,35.18981,52.39656,163.14262,111.13745,133.27818,162.20689,111.87665,140.59435,131.10179,129.31035,115.8895,81.38746,93.8272,67.21388,107.39947,49.30906,74.35518,46.24491,58.17269,54.28718,38.51208,25.3007,34.68753,40.64978,14.2287,15.97228,9.96735,26.57102,3.42456,8.00907,2.29225,2.12527,2.29225,2.29225,0,0]},{"s":"Neither strictly left- nor strictly right-handed","c":"black","l":[34.16175,11.79688],"n":[18,37,62,89,145,141,194,191,203,237,228,236,248,222,240,221,228,224,162,145,155,117,115,105,91,97,81,73,75,71,62,76,59,42,53,58,47,60,47,35,46,35,40,30,35,20,26,19,27,21,20,5,13,10,6,4,4,6,1,3,1,1,1,1,0,1],"p":[0,1,4,12,15,12,16,20,35,21,30,22,24,21,21,24,22,21,16,20,15,20,12,8,9,11,8,11,6,10,9,9,10,9,9,9,5,12,9,5,6,4,4,1,5,2,3,2,3,6,1,0,2,0,1,1,2,0,0,0,0,0,0,0,0,0],"N":[12.79255,36.44434,65.85931,89.75567,131.69402,135.01058,181.58015,81.11225,82.2373,99.58173,92.05535,98.93292,114.50948,96.29377,97.7108,92.9213,92.94423,167.09097,123.34012,115.2479,129.13398,96.27316,83.32611,79.30849,66.98002,76.09488,62.84149,63.21803,59.99531,54.79317,45.03973,57.36783,169.24533,129.27162,139.33571,173.47353,125.44636,152.99331,133.39405,129.31035,130.43212,94.94636,101.50229,80.39231,111.85945,55.02587,87.46477,51.79474,74.18482,56.57943,51.9148,25.3007,34.68753,40.64978,14.2287,15.97228,9.96735,30.00639,3.42456,8.00907,2.29225,2.12527,2.29225,2.29225,0,3.43538],"P":[0,0,2.93361,8.63503,10.43544,12.98533,14.25642,7.51914,15.4278,6.72295,11.20038,9.05645,10.08117,7.42744,8.18503,8.53575,8.77078,12.81462,10.01035,15.19583,12.96835,13.1151,10.76239,5.75443,6.67317,10.56542,6.75757,7.34052,5.70187,6.90949,6.34056,6.60909,54.88095,41.03626,24.2801,24.20575,12.10343,32.00244,26.87772,14.74448,12.42658,9.96735,9.32592,5.87457,14.70202,4.89759,8.00907,15.17236,9.15219,16.92306,3.42456,0,5.71681,0,2.29225,3.42456,3.59829,0,0,0,0,0,0,0,0,0]},{"s":"Ambidextrous","c":"green","l":[36.53141,6.69922],"n":[18,37,63,89,147,141,195,194,206,237,233,238,251,223,242,222,231,225,163,145,156,118,116,105,92,98,81,74,75,71,62,76,59,42,54,58,47,61,48,36,46,35,40,30,35,20,26,19,29,21,20,5,14,10,6,4,4,6,1,3,1,1,1,1,0,1],"p":[0,1,3,12,13,12,15,17,32,21,25,20,21,20,19,23,19,20,15,20,14,19,11,8,8,10,8,10,6,10,9,9,10,9,8,9,5,11,8,4,6,4,4,1,5,2,3,2,1,6,1,0,1,0,1,1,2,0,0,0,0,0,0,0,0,0],"N":[12.79255,36.44434,67.25586,89.75567,132.271,135.01058,182.11017,81.85231,83.98672,99.58173,93.56833,99.83169,116.38465,96.54719,98.31515,93.33449,93.76808,167.71431,123.34012,115.2479,129.99277,97.13195,83.77676,79.30849,67.7599,76.83106,62.84149,63.95421,59.99531,54.79317,45.03973,57.36783,169.24533,129.27162,142.76027,173.47353,125.44636,155.28556,140.38356,129.31035,130.43212,94.94636,101.50229,80.39231,111.85945,55.02587,87.46477,51.79474,81.04476,56.57943,51.9148,25.3007,38.11209,40.64978,14.2287,15.97228,9.96735,30.00639,3.42456,8.00907,2.29225,2.12527,2.29225,2.29225,0,3.43538],"P":[0,0,1.53706,8.63503,9.85846,12.98533,13.72641,6.77908,13.67838,6.72295,9.6874,8.15768,8.206,7.17402,7.58068,8.12256,7.94694,12.19128,10.01035,15.19583,12.10956,12.25631,10.31174,5.75443,5.8933,9.82924,6.75757,6.60434,5.70187,6.90949,6.34056,6.60909,54.88095,41.03626,20.85554,24.20575,12.10343,29.71019,19.8882,14.74448,12.42658,9.96735,9.32592,5.87457,14.70202,4.89759,8.00907,15.17236,2.29225,16.92306,3.42456,0,2.29225,0,2.29225,3.42456,3.59829,0,0,0,0,0,0,0,0,0]}],