{"name":"Bi","seq":[{"i":[0],"y":[0,20],"t":[1,1,1,1,1,0,0,0,0,0,0,0,0,0,0]},{"i":[1,2],"y":[0,38],"t":[1,1,1,1,1,1,1,1,0,0,0,0,0,0,0],"from":[0,0]},{"i":[1,2,3],"y":[0,100],"t":[1,0,1,0,1,0,1,0,1,1,1,1,1,1,1]}],"type":"AgeCat","x":[18,92],"bins":[18,20,24,30,40,60,72],"xt":[20,30,40,50,60,70,80,90],"yt":[0,5,10,15,20,25,30,35,40,50,60,70,80,90,100],"z":1.64485,"series":[{"s":"Bisexual","c":"black","l":[34.94221,12.24072],"n":[98,161,241,362,410,421,472,691,582,657,727,739,852,685,763,723,570,702,555,484,457,441,471,338,341,319,266,320,253,272,230,231,235,208,177,186,199,198,133,163,162,127,109,124,95,80,88,86,79,64,42,52,36,29,25,21,9,12,6,6,9,1,2,1,3,0,1,0,0,0,0,0,0,1],"p":[20,33,50,57,75,83,114,134,109,128,142,128,137,100,100,91,69,90,81,56,61,48,52,50,37,29,38,41,17,23,38,24,25,21,17,15,21,12,7,7,13,8,9,3,3,4,7,4,1,5,1,1,4,0,1,0,0,1,0,0,0,0,0,0,0,1,0,0,0,0,0,0,0,0],"N":[86.04584,136.07577,221.37817,325.9773,384.43206,380.49094,428.82863,273.22536,257.90042,289.0935,316.28078,332.15453,348.44136,298.90101,342.93653,319.14861,270.05759,500.65572,427.26824,377.96501,350.94559,321.71714,363.40303,253.9425,259.0623,247.33256,205.52668,244.47137,183.02793,209.08314,175.2747,175.37492,755.33847,689.52793,501.18904,558.48913,610.60335,610.71328,396.73147,474.69382,502.37917,375.78072,275.29202,375.53618,282.60419,274.08947,239.62045,236.67209,220.97214,160.53277,113.87738,158.44857,99.46238,82.70878,68.21824,74.82229,26.84381,52.23826,22.17239,16.86536,27.54751,3.77402,4.87399,3.61678,8.64801,0,3.61678,0,0,0,0,0,0,2.6578],"P":[19.07522,29.27428,45.77353,51.46885,68.5268,67.50218,92.70259,38.29673,39.18722,47.57045,51.76684,50.83771,55.53348,38.9629,34.05973,33.78417,27.09585,59.60642,53.29095,37.47928,37.1973,31.90078,34.30112,28.34887,26.85668,17.5231,22.63783,18.48869,7.44152,15.56091,18.69165,13.34395,50.97469,39.62576,70.64954,31.54925,37.1617,21.57878,15.25032,11.92847,25.82117,21.21247,14.51822,8.53849,4.54336,3.8789,23.27647,9.98902,3.77402,8.15077,3.77402,1.30493,12.54915,0,1.05665,0,0,2.21619,0,0,0,0,0,0,0,1.01287,0,0,0,0,0,0,0,0]},{"s":"Bisexual women","c":"orange","l":[35.35553,20.83333],"n":[38,68,111,203,195,211,234,370,310,337,333,346,390,335,371,363,262,335,279,253,235,228,228,195,178,171,156,185,140,157,132,130,142,107,113,111,119,120,72,104,108,87,72,89,62,45,53,56,47,42,28,31,27,18,17,14,7,7,0,5,4,0,2,0,2,0,0,0,0,0,0,0,0,1],"p":[17,26,39,43,52,66,83,87,85,87,98,90,89,67,67,64,52,59,58,36,46,34,32,23,23,20,30,31,12,16,24,14,17,11,9,9,11,8,5,5,6,3,5,0,1,1,3,3,0,2,0,0,2,0,1,0,0,1,0,0,0,0,0,0,0,0,0,0,0,0,0,0,0,0],"N":[26.84669,48.9324,86.4201,162.51127,155.43096,160.52766,186.13291,136.22763,123.87122,139.25596,132.72954,145.69866,151.97756,134.72279,155.08097,146.08905,110.71696,215.41592,185.70579,181.78752,157.98019,151.47868,160.98732,134.88437,124.97867,120.39024,115.62769,125.98676,92.96225,113.89619,90.17005,89.26395,348.95501,271.58637,291.89958,310.52961,302.51868,332.30106,175.71573,288.03529,296.21489,211.87312,161.43303,253.23472,165.97874,119.0455,123.69641,133.752,108.60607,95.71917,66.01147,70.91323,68.59426,45.75479,44.74093,39.94903,19.61026,24.7558,0,13.09134,9.30638,0,4.87399,0,4.87399,0,0,0,0,0,0,0,0,2.6578],"P":[15.52933,22.98291,33.81167,36.95621,43.54607,53.65613,65.51495,24.8144,30.61667,34.78274,38.37634,36.68297,36.53427,26.42213,24.87485,24.20704,20.4049,37.47064,39.10853,22.21289,25.998,24.39847,19.95859,13.18161,18.11533,12.20578,18.63112,15.73923,4.90977,12.51739,11.66823,8.63614,33.23629,22.21571,52.09775,25.61142,23.06372,13.41864,10.70696,7.38511,10.61417,7.97339,10.43355,0,0,1.01287,4.72731,6.37224,0,3.22906,0,0,5.31559,0,1.05665,0,0,2.21619,0,0,0,0,0,0,0,0,0,0,0,0,0,0,0,0]},{"s":"Bisexual men","c":"teal","l":[35.56219,8.46354],"n":[57,90,126,148,206,204,228,309,263,311,384,383,444,341,379,353,302,356,273,229,219,211,239,141,158,146,106,131,113,113,98,100,93,99,64,71,79,77,61,58,54,39,36,34,33,35,35,30,32,20,13,21,9,11,8,7,2,5,6,1,5,1,0,1,1,0,1,0,0,0,0,0,0,0],"p":[2,5,11,13,18,13,22,39,18,36,39,29,41,29,28,26,13,25,19,17,13,10,18,27,13,9,6,10,5,6,13,10,7,8,8,6,10,4,2,2,5,5,4,3,2,3,4,1,1,3,1,1,2,0,0,0,0,0,0,0,0,0,0,0,0,1,0,0,0,0,0,0,0,0],"N":[56.69751,84.62611,133.16592,154.58512,220.40962,215.11396,235.1894,135.07445,131.39294,147.55771,180.0499,184.0431,193.15274,160.63337,181.4968,170.44878,156.62028,277.61326,239.69129,194.50817,192.9654,168.78194,200.96366,118.03732,131.29142,126.74001,87.26941,116.60335,90.06568,93.77692,85.10465,85.88624,406.38346,388.8243,209.28946,238.82653,305.42687,278.41223,221.01573,184.44234,206.16427,163.9076,112.9324,120.99654,116.62545,155.04397,115.92404,102.9201,112.36607,60.113,45.64971,87.53535,30.86812,36.95398,23.47732,34.87326,7.23356,27.48246,22.17239,3.77402,18.24113,3.77402,0,3.61678,3.77402,0,3.61678,0,0,0,0,0,0,0],"P":[2.67781,4.89953,11.96186,13.86621,19.72767,11.17127,19.79215,11.26999,6.78616,11.22893,12.56001,10.23,16.91955,10.66516,7.56642,9.48594,5.81333,18.73369,12.2095,13.41824,10.97457,4.87616,13.26974,15.16726,7.87086,5.31732,2.55019,2.74946,2.53175,2.84122,6.39943,4.70781,15.0806,16.39718,18.55179,5.93784,14.09798,8.16014,4.54336,4.54336,11.93416,13.23909,4.08467,8.53849,4.54336,2.86603,18.54916,3.61678,3.77402,4.92171,3.77402,1.30493,7.23356,0,0,0,0,0,0,0,0,0,0,0,0,1.01287,0,0,0,0,0,0,0,0]},{"s":"Bisexual people who are women","c":"olive","l":[36.12312,75.92509],"n":[3,7,11,14,23,17,31,47,24,41,44,38,48,33,33,27,17,31,23,20,15,14,20,27,14,9,8,10,5,7,14,10,8,10,8,6,10,4,2,2,7,5,4,3,2,3,4,1,1,3,1,1,2,0,0,0,0,0,0,0,0,0,0,0,0,1,0,0,0,0,0,0,0,0],"p":[17,26,39,43,52,66,83,87,85,87,98,90,89,67,67,64,52,59,58,36,46,34,32,23,23,20,30,31,12,16,24,14,17,11,9,9,11,8,5,5,6,3,5,0,1,1,3,3,0,2,0,0,2,0,1,0,0,1,0,0,0,0,0,0,0,0,0,0,0,0,0,0,0,0],"N":[3.5459,6.29138,11.96186,14.51263,24.98073,13.84605,27.18764,13.48233,8.57055,12.7877,13.3905,14.15475,18.99921,12.54077,9.18488,9.57713,6.69095,22.13578,14.18242,15.26639,11.1993,7.5023,14.34253,15.16726,8.74135,5.31732,4.00671,2.74946,2.53175,3.04352,7.02342,4.70781,17.7384,17.41005,18.55179,5.93784,14.09798,8.16014,4.54336,4.54336,15.207,13.23909,4.08467,8.53849,4.54336,2.86603,18.54916,3.61678,3.77402,4.92171,3.77402,1.30493,7.23356,0,0,0,0,0,0,0,0,0,0,0,0,1.01287,0,0,0,0,0,0,0,0],"P":[15.52933,22.98291,33.81167,36.95621,43.54607,53.65613,65.51495,24.8144,30.61667,34.78274,38.37634,36.68297,36.53427,26.42213,24.87485,24.20704,20.4049,37.47064,39.10853,22.21289,25.998,24.39847,19.95859,13.18161,18.11533,12.20578,18.63112,15.73923,4.90977,12.51739,11.66823,8.63614,33.23629,22.21571,52.09775,25.61142,23.06372,13.41864,10.70696,7.38511,10.61417,7.97339,10.43355,0,0,1.01287,4.72731,6.37224,0,3.22906,0,0,5.31559,0,1.05665,0,0,2.21619,0,0,0,0,0,0,0,0,0,0,0,0,0,0,0,0]}],