{"name":"ExclSSA","seq":[{"i":[0],"y":[0,7],"t":[1,1,1,1,1,1,1,1]},{"i":[0,1],"y":[0,7],"t":[1,1,1,1,1,1,1,1]}],"type":"AgeCat","x":[18,92],"bins":[18,24,30,39,51,72],"xt":[20,30,40,50,60,70,80,90],"yt":[0,1,2,3,4,5,6,7],"z":1.64485,"series":[{"s":"Exclusively same-sex attracted women","c":"orange","l":[45.51131,1.53255],"n":[51,88,140,232,231,262,301,442,373,399,410,422,462,390,423,412,303,380,330,282,273,257,258,213,194,184,182,210,148,168,154,140,153,113,118,120,127,126,73,106,111,86,76,85,61,46,55,57,46,44,28,31,29,18,17,14,7,8,0,5,4,0,2,0,2,0,0,0,0,0,0,0,0,1],"p":[4,6,10,14,16,15,16,15,22,25,21,14,17,12,15,15,11,14,7,7,8,5,2,5,7,7,4,6,4,5,2,4,6,5,4,0,3,2,4,3,3,4,1,4,2,0,1,2,1,0,0,0,0,0,1,0,0,0,0,0,0,0,0,0,0,0,0,0,0,0,0,0,0,0],"N":[40.0601,68.1938,112.68339,188.71961,188.38262,201.22814,240.44089,154.3509,146.24455,163.52041,161.88658,177.41382,180.85958,155.76068,173.23172,164.6084,126.2025,243.39452,218.47996,197.33576,178.22461,172.06251,179.62504,144.08554,138.39339,127.83854,131.91712,137.82146,95.39469,122.70445,100.38175,94.8514,367.56933,285.53417,334.24935,336.14103,318.93382,340.40411,176.23311,285.99972,300.5006,211.25807,169.65039,241.15624,160.66315,120.05836,125.76592,134.80864,105.94828,98.94823,66.01147,70.91323,73.90986,45.75479,43.13978,39.94903,19.61026,26.97199,0,13.09134,9.30638,0,4.87399,0,4.87399,0,0,0,0,0,0,0,0,2.6578],"P":[2.31591,3.72151,7.54838,10.74787,10.59441,12.95566,11.20697,6.69113,8.24333,10.51829,9.2193,4.96781,7.65224,5.38424,6.7241,5.68769,4.91935,9.49204,6.33435,6.66464,5.75358,3.81464,1.32087,3.98043,4.70061,4.75749,2.34169,3.90453,2.47734,3.70913,1.45652,3.04869,14.62197,8.26791,9.74798,0,6.64858,5.31559,10.18958,9.42068,6.32846,8.58843,2.21619,12.07847,5.31559,0,2.6578,5.31559,2.6578,0,0,0,0,0,2.6578,0,0,0,0,0,0,0,0,0,0,0,0,0,0,0,0,0,0,0]},{"s":"Exclusively same-sex attracted men","c":"teal","l":[50.35741,5.375],"n":[57,92,127,154,216,204,239,337,268,335,413,391,468,355,393,368,305,366,283,241,224,215,248,162,165,153,108,137,113,113,107,106,96,99,70,71,85,76,60,57,58,41,37,35,34,36,39,30,32,23,13,22,11,11,8,7,2,5,6,1,5,1,0,1,1,1,1,0,0,0,0,0,0,0],"p":[2,3,10,7,8,13,11,11,13,12,10,21,17,15,14,11,10,15,9,5,8,6,9,6,6,2,4,4,5,6,4,4,4,8,2,6,4,5,3,3,1,3,3,2,1,2,0,1,1,0,1,0,0,0,0,0,0,0,0,0,0,0,0,0,0,0,0,0,0,0,0,0,0,0],"N":[56.95753,87.91352,132.95,160.64367,231.67012,210.7479,244.84704,140.92974,130.45636,153.28327,187.04876,183.72702,200.65367,165.3481,184.45627,175.24828,156.73869,283.85444,242.56579,205.12039,195.94393,169.77153,206.45171,128.42626,133.725,130.31636,86.23047,115.87086,88.24498,91.53453,88.50645,87.70359,406.83971,383.60014,220.60769,222.90646,307.74793,270.80032,214.39428,180.66832,214.48165,169.91313,109.78352,122.14423,117.55203,153.20941,134.4732,102.76286,112.52331,65.03471,45.80695,88.84027,38.10167,36.95398,23.47732,34.87326,7.23356,27.48246,22.17239,3.77402,18.24113,3.77402,0,3.61678,3.77402,1.01287,3.61678,0,0,0,0,0,0,0],"P":[2.41779,1.61213,12.17777,7.80766,8.46716,15.53733,10.1345,5.4147,7.72274,5.50337,5.56115,10.54608,9.41862,5.95042,4.60695,4.68643,5.69492,12.49251,9.335,2.80602,7.99603,3.88656,7.78169,4.77832,5.43728,1.74098,3.58913,3.48196,4.35245,5.08361,2.99763,2.89046,14.62435,21.62133,7.23356,21.85791,11.77692,15.77204,11.16482,8.31738,3.61678,7.23356,7.23356,7.3908,3.61678,4.7006,0,3.77402,3.61678,0,3.61678,0,0,0,0,0,0,0,0,0,0,0,0,0,0,0,0,0,0,0,0,0,0,0]}],"help":"JSON format help for AgeCat (age vs. category) plots\n----------------------------------------------------\nDownloadable JSON files for Who Are We Now? are dictionaries.\n\nThey always have a \"type\" field specifying the plot type, and a \"name\"\nfield, specifying the plot name. https://whoarewenow.net/plotname\nwill redirect you to the location of any plot in its chapter.\n\nThis one's type is \"AgeCat\", for plotting weighted binomial distributions\nas a function of the respondent's age.\n\nThe data are specified in such a way that dynamic rebinning by age is\nsupported, as well as either weighted or unweighted plotting or analysis.\nThe weights are calculated using stratified sampling based on demographic\ncriteria, as explained in the appendix https://whoarewenow.net/appendix.\n\nJSON entries with example values:\n\nKey        Value                 Comment\n--------   --------------------  ------------------------------------------\n\"type\"   : \"AgeCat\"\n\"name\"   : \"PlotName\"\n\"x\"      : [18,93]               Minimum and maximum+1 age\n\"bins\"   : [18,25,30,40,60,80]   Age bin boundaries\n\"z\"      : 1.64485               Confidence interval Z value (see Appendix)\n\"seq\"    : [Seq1,Seq2,...]       Each sequence is a map per below\n\"series\" : [Series1,Series2,...] Each series is a map per below\n\nSeq specifies the sequence of \"stops\" in the visualization:\n\nKey        Value                 Comment\n--------   --------------------  -------------------------------------------\n\"i\"      : [0,2]                 Indices of series to render for this stop\n\"y\"      : [0,100]               Percent range for this stop\n\nSeries specifies the data for all series, as specified by each \"i\" in \"seq\":\n\nKey        Value                 Comment\n-------    --------------------  -------------------------------------------\n\"s\"      : \"All respondents\"     Series label\n\"c\"      : \"magenta\"             Series color\n\"n\"      : [ns]                  For each age, number of nos\n\"p\"      : [ps]                  For each age, number of yeses\n\"N\"      : [Ns]                  For each age, weighted sum of nos\n\"P\"      : [Ps]                  For each age, weighted sum of yeses\n\nSome dictionary key/value pairs are unimportant, used only for debugging or\nvisualization, and are not documented above.\n\nFor more information on the project see https://whoarewenow.net#about\n"}