{"name":"FPolyNonmonog","seq":[{"i":[0,1],"y":[0,10],"t":[1,1,1,1,1,1,1,1,1,1,1,0,0,0,0,0,0,0,0,0]},{"i":[0,1,2],"y":[0,10],"t":[1,1,1,1,1,1,1,1,1,1,1,0,0,0,0,0,0,0,0,0]},{"i":[3,4],"y":[0,100],"t":[1,0,0,0,0,0,0,0,0,0,1,1,1,1,1,1,1,1,1,1]}],"type":"AgeCat","x":[18,92],"bins":[18,20,24,30,50,80],"xt":[20,30,40,50,60,70,80,90],"yt":[0,1,2,3,4,5,6,7,8,9,10,20,30,40,50,60,70,80,90,100],"z":1.64485,"series":[{"s":"Non-monogamous","c":"magenta","l":[30.84673,9.50521],"n":[111,185,277,379,445,464,531,731,631,707,789,799,896,707,779,739,582,718,573,492,475,447,473,338,340,311,275,329,248,267,237,233,232,206,174,183,205,186,125,151,163,124,109,120,92,77,87,81,72,61,38,50,37,27,26,20,9,13,6,6,8,1,1,1,3,1,0,0,0,0,0,0,0,0],"p":[7,9,14,40,40,40,55,94,60,78,80,68,93,78,84,75,57,74,63,48,43,42,50,50,38,37,29,32,22,28,31,22,28,23,20,18,15,24,15,19,12,11,9,7,6,7,8,9,8,8,5,3,3,2,0,1,0,0,0,0,1,0,1,0,0,0,1,0,0,0,0,0,0,1],"N":[98.35022,156.3626,255.1615,346.0951,416.31554,410.76504,474.4442,286.29387,274.79497,302.59732,338.48233,357.45395,369.02534,306.37814,341.97873,323.10435,271.52687,515.3758,438.8648,380.08291,355.75271,328.50522,358.29209,251.45336,259.298,237.40602,208.5651,241.58087,175.86444,202.87195,172.73865,174.95707,679.56484,678.61137,480.07225,547.88515,617.25467,557.86213,374.28885,420.20481,493.29674,376.54196,275.74792,360.00056,254.52127,247.67087,241.77505,225.46919,203.17354,145.83045,104.94501,152.99395,101.19027,75.47522,69.27489,62.12142,26.84381,54.45446,22.17239,16.86536,23.93073,3.77402,2.6578,3.61678,8.64801,1.01287,0,0,0,0,0,0,0,0],"P":[6.77084,8.98744,11.99019,31.35105,36.64332,37.22808,47.08703,25.22823,22.29266,34.06662,29.56529,25.53829,34.9495,31.48576,35.01753,29.82842,25.62657,44.88634,41.69438,35.36137,32.39017,25.1127,39.41206,30.83802,26.62099,27.44965,19.59941,21.37919,14.60501,21.77211,21.2277,13.7618,126.74832,50.54233,91.76633,42.15323,30.51037,74.42993,37.69293,66.41748,34.90359,20.45123,14.06231,24.0741,32.62628,30.2975,21.12187,21.19192,21.57261,22.85308,12.70639,6.75955,10.82126,7.23356,0,12.70087,0,0,0,0,3.61678,0,2.21619,0,0,0,3.61678,0,0,0,0,0,0,2.6578]},{"s":"Polyamorous","c":"cyan","l":[33.6206,5.91146],"n":[114,187,283,396,454,477,548,783,647,731,813,829,926,746,814,781,610,744,607,518,496,463,500,361,356,325,283,343,257,279,254,240,246,223,183,198,214,201,136,161,169,132,111,126,94,81,90,87,78,68,42,52,38,28,26,20,9,12,6,6,8,1,1,1,3,1,1,0,0,0,0,0,0,0],"p":[4,7,8,23,31,27,38,42,44,54,56,38,63,39,49,33,29,48,29,22,22,26,23,27,22,23,21,18,13,16,14,15,14,6,11,3,6,9,4,9,6,3,7,1,4,3,5,3,2,1,1,1,2,1,0,1,0,1,0,0,1,0,1,0,0,0,0,0,0,0,0,0,0,1],"N":[101.02232,158.67662,259.51733,355.64706,423.47063,423.06109,487.10837,297.99413,281.22493,316.17749,349.39831,368.78513,384.01159,324.96778,358.27998,338.522,284.00856,531.51909,461.25926,399.83595,376.65456,334.93521,381.81595,262.46077,270.64958,247.6055,215.09258,253.03444,183.39867,212.53976,185.11071,178.86133,746.39278,721.90281,533.01306,585.88274,634.37347,604.81054,402.3748,458.08411,517.62473,392.44983,276.38244,380.45789,261.91207,273.09438,251.06612,236.61252,218.91319,165.06676,114.03462,158.69685,106.69594,80.05098,69.27489,72.6061,26.84381,50.83768,22.17239,16.86536,23.93073,3.77402,2.6578,3.61678,8.64801,1.01287,3.61678,0,0,0,0,0,0,0],"P":[4.09874,6.67343,7.63436,21.79909,29.48823,24.93203,34.42286,13.52796,15.86271,20.48645,18.64932,14.20711,19.96325,12.89612,18.71627,14.41077,13.14488,28.74305,19.29992,15.60833,11.48833,18.6827,15.8882,19.83061,15.26941,17.25017,13.07193,9.92563,7.07078,12.1043,8.85564,9.85754,59.92038,7.25088,38.82552,4.15564,13.39157,27.48153,9.60699,28.53818,10.5756,4.54336,13.42779,3.61678,25.23548,4.87399,11.8308,10.04859,5.83297,3.61678,3.61678,1.05665,5.31559,2.6578,0,2.21619,0,3.61678,0,0,3.61678,0,2.21619,0,0,0,0,0,0,0,0,0,0,2.6578]},{"s":"Non-monogamous and polyamorous","c":"indigo","l":[34.60302,2.62219],"n":[114,190,285,398,464,485,557,803,665,751,837,840,953,760,829,791,619,763,614,525,508,475,505,365,363,333,291,352,263,284,258,248,252,226,188,200,217,202,136,165,174,133,114,126,94,83,91,87,79,68,42,53,39,29,26,21,9,13,6,6,8,1,1,1,3,1,1,0,0,0,0,0,0,0],"p":[4,4,6,21,21,19,29,22,26,34,32,27,36,25,34,23,20,29,22,15,10,14,18,23,15,15,13,9,7,11,10,7,8,3,6,1,3,8,4,5,1,2,4,1,4,1,4,3,1,1,1,0,1,0,0,0,0,0,0,0,1,0,1,0,0,0,0,0,0,0,0,0,0,1],"N":[101.02232,161.77214,260.09827,357.61496,432.05801,428.47371,493.8577,302.63417,286.59036,321.72136,355.08347,370.99955,389.64583,328.18219,362.83634,342.66466,287.59831,540.70632,465.77238,403.77875,380.36486,343.37565,384.16384,264.81379,275.77664,253.91301,219.72758,257.39047,185.11633,215.86516,186.97731,184.64921,761.84331,727.17046,543.44246,587.82219,639.16036,607.46833,402.3748,463.10348,524.58355,396.06661,283.96195,380.45789,261.91207,277.96837,252.07899,236.61252,221.12938,165.06676,114.03462,159.7535,109.35373,82.70878,69.27489,74.82229,26.84381,54.45446,22.17239,16.86536,23.93073,3.77402,2.6578,3.61678,8.64801,1.01287,3.61678,0,0,0,0,0,0,0],"P":[4.09874,3.57791,7.05343,19.83119,20.90085,19.51941,27.67352,8.88793,10.49728,14.94258,12.96415,11.99269,14.32901,9.68172,14.15991,10.26811,9.55514,19.55582,14.78681,11.66553,7.77802,10.24226,13.54031,17.47758,10.14235,10.94266,8.43693,5.5696,5.35312,8.7789,6.98904,4.06966,44.46985,1.98323,28.39612,2.21619,8.60468,24.82373,9.60699,23.5188,3.61678,0.92658,5.84829,3.61678,25.23548,0,10.81793,10.04859,3.61678,3.61678,3.61678,0,2.6578,0,0,0,0,0,0,0,3.61678,0,2.21619,0,0,0,0,0,0,0,0,0,0,2.6578]},{"s":"Fraction of polyamorous people who are non-monogamous","c":"olive","l":[43.87814,79.42708],"n":[0,3,2,2,10,8,9,20,18,20,24,11,27,14,15,10,9,19,7,7,12,12,5,4,7,8,8,9,6,5,4,8,6,3,5,2,3,1,0,4,5,1,3,0,0,2,1,0,1,0,0,1,1,1,0,1,0,1,0,0,0,0,0,0,0,0,0,0,0,0,0,0,0,0],"p":[4,4,6,21,21,19,29,22,26,34,32,27,36,25,34,23,20,29,22,15,10,14,18,23,15,15,13,9,7,11,10,7,8,3,6,1,3,8,4,5,1,2,4,1,4,1,4,3,1,1,1,0,1,0,0,0,0,0,0,0,1,0,1,0,0,0,0,0,0,0,0,0,0,1],"N":[0,3.09552,0.58094,1.96789,8.58739,5.41262,6.74934,4.64003,5.36543,5.54387,5.68517,2.21441,5.63424,3.2144,4.55636,4.14266,3.58975,9.18723,4.51311,3.9428,3.7103,8.44044,2.34789,2.35302,5.12706,6.30751,4.635,4.35603,1.71765,3.3254,1.8666,5.78788,15.45052,5.26765,10.4294,1.93945,4.78689,2.6578,0,5.01937,6.95882,3.61678,7.5795,0,0,4.87399,1.01287,0,2.21619,0,0,1.05665,2.6578,2.6578,0,2.21619,0,3.61678,0,0,0,0,0,0,0,0,0,0,0,0,0,0,0,0],"P":[4.09874,3.57791,7.05343,19.83119,20.90085,19.51941,27.67352,8.88793,10.49728,14.94258,12.96415,11.99269,14.32901,9.68172,14.15991,10.26811,9.55514,19.55582,14.78681,11.66553,7.77802,10.24226,13.54031,17.47758,10.14235,10.94266,8.43693,5.5696,5.35312,8.7789,6.98904,4.06966,44.46985,1.98323,28.39612,2.21619,8.60468,24.82373,9.60699,23.5188,3.61678,0.92658,5.84829,3.61678,25.23548,0,10.81793,10.04859,3.61678,3.61678,3.61678,0,2.6578,0,0,0,0,0,0,0,3.61678,0,2.21619,0,0,0,0,0,0,0,0,0,0,2.6578]},{"s":"Fraction of non-monogamous people who are polyamorous","c":"orange","l":[43.73367,52.08333],"n":[3,5,8,19,19,21,26,72,34,44,48,41,57,53,50,52,37,45,41,33,33,28,32,27,23,22,16,23,15,17,21,15,20,20,14,17,12,16,11,14,11,9,5,6,2,6,4,6,7,7,4,3,2,2,0,1,0,0,0,0,0,0,0,0,0,0,1,0,0,0,0,0,0,0],"p":[4,4,6,21,21,19,29,22,26,34,32,27,36,25,34,23,20,29,22,15,10,14,18,23,15,15,13,9,7,11,10,7,8,3,6,1,3,8,4,5,1,2,4,1,4,1,4,3,1,1,1,0,1,0,0,0,0,0,0,0,1,0,1,0,0,0,0,0,0,0,0,0,0,1],"N":[2.6721,5.40953,4.93676,11.51985,15.74247,17.70867,19.41351,16.3403,11.79538,19.12404,16.60114,13.5456,20.62049,21.80404,20.85762,19.56032,16.07144,25.33052,26.90757,23.69584,24.61215,14.87044,25.87175,13.36043,16.47864,16.50699,11.16248,15.80959,9.25189,12.99321,14.23867,9.69214,82.27847,48.5591,63.37021,39.93704,21.90569,49.6062,28.08594,42.89867,31.28681,19.52465,8.21402,20.45733,7.3908,30.2975,10.30394,11.14333,17.95584,19.23631,9.08961,6.75955,8.16347,7.23356,0,12.70087,0,0,0,0,0,0,0,0,0,0,3.61678,0,0,0,0,0,0,0],