{"name":"GenderHandedL","seq":[{"i":[0,1],"y":[0,100],"t":[1,0,0,0,0,1,0,0,0,1,1,1,1,1,1,1,1,1]},{"i":[2,3],"y":[0,16],"t":[1,1,1,1,1,1,1,1,1,0,0,0,0,0,0,0,0,0],"from":[0,0]},{"i":[0,1],"y":[0,100],"t":[1,0,0,0,0,1,0,0,0,1,1,1,1,1,1,1,1,1]}],"mobile":[0,1],"type":"AgeCat","x":[18,84],"bins":[18,21,25,30,40,50,80],"xt":[20,30,40,50,60,70,80,90],"yt":[0,2,4,6,8,10,12,14,16,20,30,40,50,60,70,80,90,100],"z":1.64485,"series":[{"s":"Strictly left-handed","c":"cyan","l":[39.82067,4.42708],"n":[18,36,60,89,146,131,191,189,219,236,234,229,248,224,238,221,223,225,158,154,153,130,115,100,90,97,84,80,73,70,58,78,66,45,59,63,47,67,55,40,47,33,41,27,39,20,25,19,25,26,16,5,15,10,7,5,6,5,1,3,1,1,1,1,0,0],"p":[0,2,6,12,14,22,19,22,19,22,24,29,24,19,23,24,27,20,20,11,17,7,12,13,10,11,5,4,8,11,13,7,3,6,3,4,5,5,1,0,5,6,3,4,1,2,4,2,5,1,5,0,0,0,0,0,0,1,0,0,0,0,0,0,0,1],"N":[12.79255,35.32338,63.0283,85.24032,129.58655,127.70136,181.61381,78.88572,89.65795,97.67541,93.83517,96.34106,112.74116,96.33686,96.5431,92.25303,89.34514,162.56022,117.10703,120.91295,128.15907,105.14339,85.56074,75.76623,67.01236,79.73846,66.58544,64.86218,59.79034,54.64725,41.53037,59.00566,218.02357,152.17371,157.55828,186.41263,123.98008,172.5968,157.97951,144.05483,128.31609,91.35481,103.15312,73.08845,122.1015,54.20664,82.36425,61.41728,67.32488,71.21024,41.93664,25.3007,40.40434,40.64978,16.52095,19.39685,13.56564,26.57102,3.42456,8.00907,2.29225,2.12527,2.29225,2.29225,0,0],"P":[0,1.12096,5.76462,13.15038,12.54291,20.29456,14.22276,9.74567,8.00715,8.62928,9.42056,11.64831,11.84949,7.38435,9.35274,9.20402,12.36987,17.34537,16.24343,9.53078,13.94326,4.24487,8.52777,9.29669,6.64084,6.92184,3.01362,5.69637,5.90684,7.05541,9.84993,4.97127,6.10271,18.13417,6.05753,11.26664,13.56971,12.39895,2.29225,0,14.54262,13.5589,7.6751,13.17843,4.45998,5.71681,13.10959,5.54983,16.01213,2.29225,13.40273,0,0,0,0,0,0,3.43538,0,0,0,0,0,0,0,3.43538]},{"s":"Strictly right-handed","c":"magenta","l":[40.22111,87.23958],"n":[0,3,10,24,29,34,35,42,54,43,54,51,48,40,44,48,49,41,36,31,32,27,24,21,19,22,13,15,14,21,22,16,13,15,12,13,10,17,10,5,11,10,7,5,6,4,7,4,8,7,6,0,2,0,1,1,2,1,0,0,0,0,0,0,0,1],"p":[18,35,56,77,131,119,175,169,184,215,204,207,224,203,217,197,201,204,142,134,138,110,103,92,81,86,76,69,67,60,49,69,56,36,50,54,42,55,46,35,41,29,37,26,34,18,22,17,22,20,15,5,13,10,6,4,4,5,1,3,1,1,1,1,0,0],"N":[0,1.12096,8.69823,21.78541,22.97836,33.27988,28.47919,17.26481,23.43495,15.35223,20.62094,20.70476,21.93066,14.81179,17.53777,17.73977,21.14065,30.15998,26.25378,24.72661,26.91161,17.35997,19.29016,15.05112,13.31401,17.48726,9.77118,13.03688,11.6087,13.9649,16.19049,11.58036,60.98366,59.17043,30.33763,35.47239,25.67314,44.4014,29.16997,14.74448,26.9692,23.52624,17.00102,19.053,19.162,10.6144,21.11865,20.72219,25.16433,19.21531,16.82729,0,5.71681,0,2.29225,3.42456,3.59829,3.43538,0,0,0,0,0,0,0,3.43538],"P":[12.79255,35.32338,60.09469,76.60529,119.1511,114.71603,167.35739,71.36658,74.23015,90.95245,82.63478,87.2846,102.65999,88.90942,88.35807,83.71728,80.57436,149.7456,107.09668,105.71712,115.19072,92.02829,74.79835,70.0118,60.33919,69.17304,59.82788,57.52167,54.08848,47.73776,35.18981,52.39656,163.14262,111.13745,133.27818,162.20689,111.87665,140.59435,131.10179,129.31035,115.8895,81.38746,93.8272,67.21388,107.39947,49.30906,74.35518,46.24491,58.17269,54.28718,38.51208,25.3007,34.68753,40.64978,14.2287,15.97228,9.96735,26.57102,3.42456,8.00907,2.29225,2.12527,2.29225,2.29225,0,0]},{"s":"Strictly left-handed women","c":"orange","l":[38.64573,5.33333],"n":[5,10,23,42,61,64,91,104,99,116,105,113,106,109,120,113,118,120,82,74,86,72,57,51,48,50,49,43,36,40,34,49,44,26,33,41,33,47,36,25,29,23,31,18,23,12,18,14,15,16,10,1,8,2,6,1,5,3,0,2,1,1,1,1,0,0],"p":[0,0,2,6,7,6,11,6,7,9,9,16,11,7,8,11,12,8,10,5,7,5,4,8,5,8,5,2,6,3,5,6,3,5,3,2,3,1,1,0,5,3,2,1,0,1,3,1,1,1,3,0,0,0,0,0,0,0,0,0,0,0,0,0,0,0],"N":[3.76602,12.53261,24.73861,40.72032,62.19816,69.8693,97.35218,42.59272,42.1534,50.40762,41.48141,50.64938,50.69725,46.76573,49.77797,47.44659,50.55943,87.68981,58.18277,57.12172,66.85044,55.1918,37.98693,40.15791,33.09839,37.65818,35.37221,32.52407,25.35691,26.81594,23.51941,35.48765,115.1082,64.02446,70.83308,107.3547,75.96049,107.50012,97.88122,67.52217,60.22251,55.45047,75.09005,42.20249,67.94508,26.18684,57.33526,34.83892,33.71584,38.27022,20.34303,2.12527,16.41077,3.76528,13.08557,6.35681,10.14108,19.71107,0,4.5845,2.29225,2.12527,2.29225,2.29225,0,0],"P":[0,0,1.5834,7.00666,7.80791,6.19316,8.38241,3.66934,2.60321,3.39603,3.42963,6.41243,4.28182,2.93111,3.24432,4.28187,5.15076,5.67687,7.19208,3.56805,4.97042,2.6062,2.83187,5.43807,3.07068,4.70189,3.01362,1.62805,4.34708,1.35952,3.61091,4.19139,6.10271,14.70961,6.05753,4.41752,6.70977,2.12527,2.29225,0,14.54262,6.70977,4.25053,2.29225,0,2.29225,9.68502,2.12527,2.29225,2.29225,6.54278,0,0,0,0,0,0,0,0,0,0,0,0,0,0,0]},{"s":"Strictly left-handed men","c":"teal","l":[38.14824,12.45833],"n":[13,26,36,45,84,66,99,81,116,115,127,115,140,112,111,104,103,100,75,77,65,57,56,46,42,47,35,36,37,30,23,27,22,18,26,21,14,19,17,14,17,10,10,9,16,8,7,5,10,10,6,4,7,8,1,4,1,2,1,1,0,0,0,0,0,0],"p":[0,1,4,6,6,16,8,15,12,12,15,12,13,12,15,12,15,12,9,6,10,2,7,5,5,3,0,2,2,8,8,1,0,1,0,2,2,4,0,0,0,3,1,3,1,1,1,1,4,0,2,0,0,0,0,0,0,1,0,0,0,0,0,0,0,1],"N":[9.02653,22.79077,38.28969,44.52,67.38839,57.83205,84.26163,36.293,47.50455,47.26778,52.35376,45.69167,62.04391,49.57113,46.76513,44.80644,38.7857,74.87041,58.92426,63.79123,61.30863,49.95159,47.57381,35.60832,33.91397,42.08028,31.21323,32.33811,34.43343,27.83131,18.01095,23.51801,102.91537,88.14926,86.72519,79.05793,48.01959,65.09668,60.09829,76.53266,68.09358,35.90434,28.06307,30.88596,54.15642,28.0198,25.02899,26.57836,33.60904,32.94001,21.59361,23.17543,23.99357,36.8845,3.43538,13.04004,3.42456,6.85994,3.42456,3.42456,0,0,0,0,0,0],"P":[0,1.12096,4.18122,6.14372,4.73501,14.10139,5.84035,6.07633,5.40394,5.23324,5.99093,5.23589,7.56767,4.45324,6.10842,4.92215,7.21911,11.6685,9.05135,5.96273,8.97284,1.63867,5.69589,3.85863,3.57016,2.21995,0,4.06832,1.55976,5.69589,6.23902,0.77988,0,3.42456,0,6.84913,6.85994,10.27369,0,0,0,6.84913,3.42456,10.88617,4.45998,3.42456,3.42456,3.42456,13.71988,0,6.85994,0,0,0,0,0,0,3.43538,0,0,0,0,0,0,0,3.43538]}],