{"name":"Hetero","seq":[{"i":[0],"y":[70,100],"t":[0,0,1,1,1,1,1,1,1]},{"i":[0,1],"y":[50,100],"t":[1,1,1,0,1,0,1,0,1]},{"i":[0,2,3],"y":[45,100],"t":[1,1,1,0,1,0,1,0,1],"from":[0,1,1]}],"type":"AgeCat","x":[18,92],"bins":[18,20,24,30,50,80],"xt":[20,30,40,50,60,70,80,90],"yt":[50,60,70,75,80,85,90,95,100],"z":1.64485,"series":[{"s":"Heterosexual","c":"indigo","l":[40.46859,90.90495],"n":[28,46,84,96,121,128,138,169,160,175,182,166,174,139,120,118,91,107,80,61,69,58,59,54,43,34,37,38,24,30,33,35,27,30,18,19,20,17,15,18,16,12,11,9,5,1,5,7,3,4,2,3,4,0,2,0,0,1,0,0,0,0,0,0,0,0,0,0,0,0,0,0,0,0],"p":[90,148,207,323,364,376,448,656,531,610,687,701,815,646,743,696,548,685,556,479,449,431,464,334,335,314,267,323,246,265,235,220,233,199,176,182,200,193,125,152,159,123,107,118,93,83,90,83,77,65,41,50,36,29,24,21,9,12,6,6,9,1,2,1,3,1,1,0,0,0,0,0,0,1],"N":[26.87243,37.84137,77.98191,83.15369,107.63573,110.37092,110.25346,56.98451,57.03612,69.13362,69.22789,68.99364,69.472,56.11958,52.79399,48.8453,36.61403,80.19973,56.84103,42.30209,48.35049,40.57756,40.34153,32.13109,29.51232,21.77428,24.2663,20.07917,12.86776,21.11731,20.97474,22.7605,64.51604,61.94073,44.56628,47.89431,39.81583,35.46526,39.05258,41.13164,32.19295,26.17275,23.86637,28.91902,12.54915,3.77402,6.66676,17.47748,8.93237,7.77242,7.3908,4.4477,12.10755,0,3.71444,0,0,2.21619,0,0,0,0,0,0,0,0,0,0,0,0,0,0,0,0],"P":[78.24863,127.50868,189.16978,294.29246,345.32312,337.62219,411.27777,254.53758,240.05151,267.53032,298.81974,313.9986,334.50284,281.74432,324.20226,304.08747,260.53941,480.06241,423.71815,373.1422,339.7924,313.04035,357.36262,250.16029,256.40667,243.08139,203.8982,242.88089,177.60169,203.52675,172.99161,165.95837,741.79712,667.21297,527.27229,542.14407,607.94922,596.82681,372.92921,445.49065,496.00738,370.82045,265.94387,355.15565,274.5984,274.19435,256.23016,229.18363,215.81379,160.91111,110.2606,155.3058,99.90398,82.70878,65.56045,74.82229,26.84381,52.23826,22.17239,16.86536,27.54751,3.77402,4.87399,3.61678,8.64801,1.01287,3.61678,0,0,0,0,0,0,2.6578]},{"s":"Heteronormatively attracted","c":"black","l":[40.75754,76.2311],"n":[50,76,109,147,181,193,232,392,277,328,344,325,382,289,325,280,204,294,203,150,161,137,164,117,96,89,88,112,58,72,75,76,72,62,52,47,56,50,33,41,45,33,34,32,24,15,29,22,14,17,7,3,9,1,7,1,0,0,2,3,1,0,0,1,0,1,0,0,0,0,0,0,0,1],"p":[68,118,182,272,304,311,354,433,414,457,525,542,607,496,538,534,435,498,433,390,357,352,359,271,282,259,216,249,212,223,193,179,188,167,142,154,164,160,107,129,130,102,84,95,74,69,66,68,66,52,36,50,31,28,19,20,9,13,4,3,8,1,2,0,3,0,1,0,0,0,0,0,0,0],"N":[48.77684,66.89266,100.69593,129.32364,164.0257,157.271,190.27744,125.72209,108.49312,122.0213,126.78555,126.95829,135.68312,112.20055,121.36402,104.99359,88.57237,177.9391,137.01403,99.54064,104.19555,84.6691,113.70735,80.10383,70.6845,57.70993,58.8771,69.84684,32.59087,51.28689,43.1401,48.82703,188.70956,138.44375,147.80624,129.62358,150.74885,127.67949,92.38052,101.11002,104.41263,78.54131,66.10532,116.46052,68.92327,58.73179,73.9022,54.95146,48.33107,36.57146,19.84429,2.36158,28.40164,0,19.07863,12.70087,0,0,7.3908,10.5369,2.21619,0,0,3.61678,0,1.01287,0,0,0,0,0,0,0,2.6578],"P":[56.34422,98.45739,166.45577,248.12251,288.93315,290.72212,331.25378,185.80001,188.59451,214.64265,241.26207,256.03395,268.29172,225.66336,255.63223,247.93918,208.58107,382.32304,343.54515,315.90364,283.94734,268.94882,283.9968,202.18755,215.23449,207.14574,169.2874,193.11322,157.87858,173.35717,150.82625,139.89185,617.6036,590.70995,424.03233,460.4148,497.0162,504.61257,319.60127,385.51226,423.7877,318.45188,223.70491,267.61415,218.22429,219.23658,188.99472,191.70965,176.41509,132.11207,97.8071,157.39193,83.60989,82.70878,50.19627,62.12142,26.84381,54.45446,14.78159,6.32846,25.33131,3.77402,4.87399,0,8.64801,0,3.61678,0,0,0,0,0,0,0]},{"s":"Heteronormatively attracted men","c":"teal","l":[44.74497,80.52521],"n":[17,29,38,45,62,58,69,135,87,125,135,131,163,115,138,95,81,115,72,62,57,48,73,55,37,31,20,37,25,28,27,31,25,31,20,19,24,23,16,16,15,10,14,13,14,12,12,7,8,8,4,2,3,1,2,1,0,0,2,1,0,0,0,1,0,1,0,0,0,0,0,0,0,0],"p":[42,66,99,116,162,159,181,213,194,222,288,281,322,255,269,284,234,266,220,184,175,173,184,113,134,124,92,104,93,91,84,79,75,76,52,58,65,58,47,44,44,34,26,24,21,26,27,24,25,15,10,20,8,10,6,6,2,5,4,0,5,1,0,0,1,0,1,0,0,0,0,0,0,0],"N":[21.80004,28.76569,43.11697,48.04424,64.71574,58.05926,63.91961,47.49522,40.82884,46.46132,51.7912,50.6116,60.31692,45.91054,50.12957,38.70574,37.73295,69.14067,54.34825,43.17668,45.37931,27.19372,55.06646,39.79311,29.25423,19.63135,14.50509,30.61316,14.3843,18.58461,14.32416,19.13894,78.42039,78.04723,51.26003,43.04524,80.70199,55.96063,57.89189,39.71826,38.19122,27.48509,29.25792,46.79095,41.26077,46.98062,41.86924,23.09897,33.7091,17.78245,12.3125,1.30493,11.00758,0,7.3908,12.70087,0,0,7.3908,3.77402,0,0,0,3.61678,0,1.01287,0,0,0,0,0,0,0,0],"P":[37.57529,60.75996,102.0108,120.40709,175.42155,168.22597,191.06194,98.84923,97.35027,112.32533,140.81871,143.6615,149.75537,125.38798,138.93365,141.22898,124.70066,227.20628,197.55253,164.74973,158.56065,146.46438,159.16694,93.41147,109.90805,112.42599,75.31451,88.73966,78.21312,78.03353,77.17992,71.45511,343.04367,327.17424,176.58121,201.71913,238.82285,230.61173,167.6672,149.26744,179.90721,149.6616,87.75916,82.74408,79.90804,110.92938,92.60396,83.4379,82.43098,47.25226,37.11122,87.53535,27.0941,36.95398,16.08652,22.17239,7.23356,27.48246,14.78159,0,18.24113,3.77402,0,0,3.77402,0,3.61678,0,0,0,0,0,0,0]},{"s":"Heteronormatively attracted women","c":"orange","l":[33.07161,53.59375],"n":[30,42,68,92,108,126,145,237,178,192,195,181,198,163,173,179,117,163,125,85,100,83,86,60,54,57,64,74,33,41,47,44,46,29,32,25,32,27,17,25,29,22,19,18,10,3,17,15,6,8,3,1,6,0,5,0,0,0,0,2,1,0,0,0,0,0,0,0,0,0,0,0,0,1],"p":[25,52,82,154,139,151,172,220,217,232,236,255,281,239,265,248,197,231,212,204,181,179,174,158,147,134,122,142,119,132,109,100,113,89,90,95,98,101,60,84,85,68,58,71,53,43,39,44,41,36,25,30,23,18,13,14,7,8,0,3,3,0,2,0,2,0,0,0,0,0,0,0,0,0],"N":[23.88129,34.21787,56.43322,72.67614,88.34226,91.96529,113.02011,74.09126,63.90384,72.87353,71.6527,71.33643,70.71009,61.74717,65.06865,64.15035,48.45554,98.43023,79.61778,54.51582,58.5915,53.39271,56.31145,39.28989,37.96297,38.07858,42.05966,39.00895,18.20657,31.08994,28.19195,29.46335,107.63138,59.38364,96.54621,81.21937,70.04685,71.71886,34.48863,61.39176,64.00521,51.05622,35.92083,68.36464,27.6625,11.75117,32.03296,31.85249,14.62197,17.86243,7.53178,1.05665,17.39406,0,11.68783,0,0,0,0,6.76288,2.21619,0,0,0,0,0,0,0,0,0,0,0,0,2.6578],"P":[18.49473,37.69743,63.79855,126.79135,110.63477,122.2185,138.62775,86.95078,90.58405,101.16517,99.45318,111.0452,117.80174,99.39775,114.88716,106.14575,82.66631,154.45633,145.19653,149.48459,125.38669,122.48444,124.63446,108.77608,105.13104,94.51744,92.19915,102.71704,79.66546,95.32364,73.64633,68.43674,274.55992,234.41844,247.45112,254.92166,255.53555,274.00084,151.93407,234.02863,242.82385,168.79029,135.94575,184.87007,138.31624,108.30719,96.39076,108.27174,93.98411,81.08579,58.47969,69.85658,56.51579,45.75479,34.10974,39.94903,19.61026,26.97199,0,6.32846,7.09018,0,4.87399,0,4.87399,0,0,0,0,0,0,0,0,0]}],