{"name":"Married1","seq":[{"i":[0],"y":[0,100],"t":[1,1,1,1,1,1,1,1,1,1,1]},{"i":[1,2],"y":[0,100],"t":[1,1,1,1,1,1,1,1,1,1,1],"from":[0,0]}],"type":"AgeCat","x":[18,92],"bins":[18,20,23,27,33,39,45,52,59,66,73,90],"xt":[20,25,30,35,40,45,50,55,60,65,70,75],"yt":[0,10,20,30,40,50,60,70,80,90,100],"z":1.64485,"series":[{"s":"Married","c":"black","l":[54.80402,61.875],"n":[117,192,278,385,439,447,472,562,497,547,564,485,468,390,393,360,301,311,281,238,202,195,194,151,174,126,110,130,99,113,106,99,117,93,87,76,86,88,55,79,66,58,38,48,45,37,38,46,34,26,21,28,22,15,12,8,9,9,2,6,6,0,2,0,2,0,1,0,0,0,0,0,0,0],"p":[1,2,13,34,46,57,114,263,194,238,305,382,521,395,470,454,338,481,355,302,316,294,329,237,204,222,194,231,171,182,162,156,143,136,107,125,134,122,85,91,109,77,80,79,53,47,57,44,46,43,22,25,18,14,14,13,0,4,4,0,3,1,0,1,1,1,0,0,0,0,0,0,0,1],"N":[104.00687,163.92912,251.09297,345.50238,403.24486,394.98726,425.6415,229.52993,220.79886,246.03996,250.71066,228.93098,218.35689,177.54711,191.82738,174.87181,149.85775,245.75302,228.48595,192.20692,164.71891,145.0633,162.3631,119.85887,134.85069,105.20554,89.73059,104.56573,73.84833,92.78963,83.89187,75.27415,363.87315,329.25487,297.19336,236.42962,289.06231,306.32942,193.41145,258.44326,178.99833,167.57901,104.5371,139.17809,139.70226,121.21657,103.87541,125.32819,103.1483,66.87775,56.0573,69.82557,56.97535,40.96465,30.80978,25.32706,26.84381,31.70499,7.3908,16.86536,16.53993,0,4.87399,0,4.87399,0,3.61678,0,0,0,0,0,0,0],"P":[1.11419,1.42093,16.05872,31.94377,49.714,53.00585,95.88972,81.99217,76.28877,90.62399,117.33697,154.06126,185.61796,160.3168,185.16888,178.06096,147.2957,314.50912,252.07323,223.23736,223.42398,208.55461,235.34105,162.4325,151.06829,159.65012,138.43392,158.39433,116.62112,131.85443,110.07448,113.44472,442.44001,399.89883,274.64522,353.60876,358.70274,325.96265,218.57034,228.17902,349.202,229.41419,185.27313,244.89658,147.44529,156.7518,159.02151,121.33292,121.59785,101.80579,61.5941,89.92793,55.03618,41.74412,38.46511,49.49523,0,22.74946,14.78159,0,11.00758,3.77402,0,3.61678,3.77402,1.01287,0,0,0,0,0,0,0,2.6578]},{"s":"Married men","c":"teal","l":[61.16394,72.96094],"n":[59,95,129,155,205,202,213,269,222,251,296,256,250,192,196,185,175,154,143,120,103,96,88,73,80,59,41,50,45,40,42,45,39,41,27,24,28,32,22,28,18,22,7,12,13,11,10,11,12,6,5,9,5,4,1,0,2,2,2,1,2,0,0,0,0,0,1,0,0,0,0,0,0,0],"p":[0,0,8,6,19,15,37,79,59,96,127,156,235,178,211,194,140,227,149,126,129,125,169,95,91,96,71,91,73,79,69,65,61,66,45,53,61,49,41,32,41,22,33,25,22,27,29,20,21,17,9,13,6,7,7,7,0,3,4,0,3,1,0,1,1,1,0,0,0,0,0,0,0,0],"N":[59.37533,89.52564,133.76849,163.37877,214.95319,209.5307,217.11849,115.12375,110.51167,122.40084,138.27691,129.54621,123.83531,91.82537,105.76281,94.74316,94.50354,131.96287,132.06081,107.79874,93.5144,79.08021,81.59178,63.65584,65.64564,55.99556,39.22273,47.95216,36.21944,35.33266,39.38733,37.51642,178.42885,188.44497,100.14555,84.20725,140.30264,137.31256,100.6795,108.60713,64.78892,71.20091,25.63193,41.40397,52.95715,55.12217,33.94931,40.41352,50.86741,21.85791,18.39837,26.40127,15.92928,11.16482,3.61678,0,7.23356,7.3908,7.3908,3.77402,7.23356,0,0,0,0,0,3.61678,0,0,0,0,0,0,0],"P":[0,0,11.35928,5.07256,25.1841,16.75453,37.86305,31.2207,27.66743,36.38581,54.333,64.72689,86.23698,79.47316,83.30041,85.19156,67.93007,164.38408,119.83997,100.12767,110.42556,94.57789,132.64162,69.54874,73.51664,76.06178,50.59686,71.40065,56.37798,61.28548,52.11675,53.07763,243.03521,216.7765,127.6957,160.55712,179.2222,149.25981,124.87959,80.37857,153.30951,105.94578,91.38514,88.13105,68.21166,102.78784,100.52389,66.12335,65.27267,43.1768,31.02536,62.439,22.17239,25.78917,19.86054,34.87326,0,20.09167,14.78159,0,11.00758,3.77402,0,3.61678,3.77402,1.01287,0,0,0,0,0,0,0,0]},{"s":"Married women","c":"orange","l":[60.84987,41.12109],"n":[54,92,145,221,220,238,243,278,267,290,256,218,208,190,193,170,121,150,135,113,97,94,104,77,92,66,65,77,54,73,63,54,78,52,60,50,58,56,33,50,47,36,31,36,32,26,28,35,22,20,16,19,17,11,11,8,7,7,0,5,4,0,2,0,2,0,0,0,0,0,0,0,0,0],"p":[1,2,5,25,27,39,74,179,128,134,175,218,271,212,245,257,193,244,202,176,184,168,156,141,109,125,121,139,98,100,93,90,81,66,62,70,72,72,44,59,67,54,46,53,31,20,28,24,25,24,12,12,12,7,7,6,0,1,0,0,0,0,0,0,0,0,0,0,0,0,0,0,0,1],"N":[41.26183,70.49438,115.53232,173.93521,174.44713,180.76844,195.87779,110.63533,107.67211,122.27325,108.92571,94.38379,91.122,82.22118,84.7302,77.60907,53.44359,106.77986,94.04693,80.89071,71.20451,62.56087,79.79366,55.40695,68.13917,49.00768,47.27759,54.95704,37.62889,57.45697,43.88054,37.75774,185.4443,140.80989,197.04781,147.78999,148.75966,169.01686,92.73194,147.61994,111.99322,96.37809,78.90518,97.77412,86.74511,66.0944,69.9261,84.91467,52.28089,45.01984,37.65892,43.4243,41.04607,29.79984,27.193,25.32706,19.61026,24.3142,0,13.09134,9.30638,0,4.87399,0,4.87399,0,0,0,0,0,0,0,0,0],"P":[1.11419,1.42093,4.69945,25.53228,24.5299,33.41535,55.77007,50.40671,46.81578,51.76546,62.18017,87.99784,97.38983,78.92375,95.22562,92.68702,77.67826,146.1067,130.76739,123.1097,112.77368,113.31629,101.15224,92.65903,74.95484,83.58834,86.98123,86.76895,60.24314,68.95661,57.95773,60.14235,196.747,152.99219,146.94952,188.35104,176.82274,176.70284,93.69075,147.80045,194.83585,123.46841,92.9614,155.4606,79.23363,53.96396,58.49762,55.20957,56.32518,53.92839,28.35255,27.48893,32.86379,15.95496,18.60457,14.62197,0,2.6578,0,0,0,0,0,0,0,0,0,0,0,0,0,0,0,2.6578]}]}