{"name":"QueerLG","seq":[{"i":[0,1],"y":[0,14],"t":[1,1,1,1,1,1,1,1,0,0,0,0,0,0,0,0,0]},{"i":[0,1,2],"y":[0,14],"t":[1,1,1,1,1,1,1,1,0,0,0,0,0,0,0,0,0]},{"i":[3,4],"y":[0,100],"t":[1,0,0,0,0,1,0,0,1,1,1,1,1,1,1,1,1]}],"type":"AgeCat","x":[18,92],"bins":[18,24,30,45,60,72],"xt":[20,30,40,50,60,70,80,90],"yt":[0,2,4,6,8,10,12,14,20,30,40,50,60,70,80,90,100],"z":1.64485,"series":[{"s":"Queer","c":"magenta","l":[41.15389,3.52433],"n":[105,172,243,367,428,441,519,745,616,707,784,790,914,729,802,754,600,738,605,512,495,471,505,372,359,335,289,346,262,281,262,245,252,215,188,196,213,199,134,163,165,132,115,124,96,82,93,85,79,68,42,51,40,29,25,21,9,13,6,6,9,1,2,1,3,1,1,0,0,0,0,0,0,1],"p":[13,22,48,52,57,63,67,80,75,78,85,77,75,56,61,60,39,54,31,28,23,18,18,16,19,13,15,15,8,14,6,10,8,14,6,5,7,11,6,7,10,3,3,3,2,2,2,5,1,1,1,2,0,0,1,0,0,0,0,0,0,0,0,0,0,0,0,0,0,0,0,0,0,0],"N":[92.381,147.45329,222.0912,337.71738,400.56742,395.22702,465.67083,282.81838,269.59883,302.12488,337.11101,354.26173,373.89851,315.31879,353.9007,331.70606,282.29528,526.27012,459.57205,395.76437,370.93779,343.37019,387.53284,272.16408,272.34418,256.3498,219.66954,256.76382,185.19907,213.81602,189.40503,181.64311,783.98358,704.83213,560.30921,575.36014,634.63325,598.44968,397.83144,467.82758,502.91849,393.32253,281.67917,377.89575,280.87298,273.26777,259.22626,232.89807,221.12938,167.62689,114.03462,158.69685,112.01153,82.70878,68.21824,74.82229,26.84381,54.45446,22.17239,16.86536,27.54751,3.77402,4.87399,3.61678,8.64801,1.01287,3.61678,0,0,0,0,0,0,2.6578],"P":[12.74006,17.89675,45.06049,39.72877,52.39143,52.76609,55.86039,28.70372,27.48881,34.53906,30.93661,28.73051,30.07633,22.54512,23.09555,21.22671,14.85816,33.99202,20.98713,19.67991,17.2051,10.24772,10.17131,10.12729,13.5748,8.50587,8.49497,6.19625,5.27038,10.82804,4.56132,7.07577,22.32958,24.32157,11.52937,14.67824,13.13179,33.84239,14.15035,18.7947,25.28184,3.67066,8.13107,6.17892,6.27457,4.7006,3.67066,13.76304,3.61678,1.05665,3.61678,1.05665,0,0,1.05665,0,0,0,0,0,0,0,0,0,0,0,0,0,0,0,0,0,0,0]},{"s":"\u201cHomosexual, gay or lesbian\u201d","c":"cyan","l":[49.97299,5.8125],"n":[103,172,254,364,430,448,530,755,624,713,804,801,921,731,802,767,602,738,602,520,495,466,504,368,359,330,288,339,255,279,258,241,248,211,184,189,210,200,132,162,167,127,114,121,94,81,94,83,77,68,42,53,39,29,24,21,9,13,6,6,9,1,2,1,3,1,1,0,0,0,0,0,0,1],"p":[15,22,37,55,55,56,56,70,67,72,65,66,68,54,61,47,37,54,34,20,23,23,19,20,19,18,16,22,15,16,10,14,12,18,10,12,10,10,8,8,8,8,4,6,4,3,1,7,3,1,1,0,1,0,2,0,0,0,0,0,0,0,0,0,0,0,0,0,0,0,0,0,0,0],"N":[91.67764,147.59901,233.10493,331.74983,401.28445,394.34309,474.8884,284.59997,270.09286,305.35233,342.92311,354.75457,378.18769,316.70354,354.32782,334.98857,282.43554,525.03746,452.57869,402.24762,371.21328,338.69059,384.03581,268.39722,269.96272,253.69983,218.04756,248.0154,179.62715,212.31586,184.96369,179.76212,773.35239,686.53135,546.64302,553.80723,624.95054,608.54663,392.22854,466.901,510.23833,379.99634,279.05556,364.6054,274.5984,269.40747,260.23912,229.18363,214.8548,167.75695,114.03462,159.7535,108.39475,82.70878,65.56045,74.82229,26.84381,54.45446,22.17239,16.86536,27.54751,3.77402,4.87399,3.61678,8.64801,1.01287,3.61678,0,0,0,0,0,0,2.6578],"P":[13.44342,17.75104,34.04677,45.69632,51.67441,53.65002,46.64282,26.92213,26.99477,31.31161,25.12451,28.23767,25.78715,21.16037,22.66843,17.94421,14.71791,35.22468,27.9805,13.19667,16.9296,14.92733,13.66834,13.89415,15.95627,11.15583,10.11695,14.94467,10.8423,12.3282,9.00266,8.95675,32.96076,42.62234,25.19556,36.23115,22.81451,23.74543,19.75325,19.72129,17.962,16.99685,10.75468,19.46927,12.54915,8.5609,2.6578,17.47748,9.89135,0.92658,3.61678,0,3.61678,0,3.71444,0,0,0,0,0,0,0,0,0,0,0,0,0,0,0,0,0,0,0]},{"s":"\u201cHomosexual, gay or lesbian\u201d and Queer","c":"indigo","l":[42.34108,1.4375],"n":[110,184,266,389,455,474,550,792,655,745,831,832,964,755,835,789,615,770,622,527,510,482,517,380,366,338,299,354,265,285,263,251,254,221,191,197,215,204,136,163,170,133,118,125,96,83,94,85,79,69,42,53,40,29,25,21,9,13,6,6,9,1,2,1,3,1,1,0,0,0,0,0,0,1],"p":[8,10,25,30,30,30,36,33,36,40,38,35,25,30,28,25,24,22,14,13,8,7,6,8,12,10,5,7,5,10,5,4,6,8,3,4,5,6,4,7,5,2,0,2,2,1,1,5,1,0,1,0,0,0,1,0,0,0,0,0,0,0,0,0,0,0,0,0,0,0,0,0,0,0],"N":[96.86836,156.97456,242.72324,354.96851,424.6256,420.34598,490.04593,295.16716,284.41652,317.48764,351.4572,367.10809,391.62472,325.59882,365.60978,342.94493,286.83969,545.27655,469.90692,405.84282,382.99377,348.57163,393.57991,276.63121,276.65158,258.07612,224.96701,258.39948,186.40146,216.48327,190.38269,186.571,789.81655,709.21944,563.34781,576.37301,636.61648,618.43799,402.3748,467.82758,514.83558,394.3354,289.81023,379.20068,280.87298,274.19435,260.23912,232.89807,221.12938,168.68353,114.03462,159.7535,112.01153,82.70878,68.21824,74.82229,26.84381,54.45446,22.17239,16.86536,27.54751,3.77402,4.87399,3.61678,8.64801,1.01287,3.61678,0,0,0,0,0,0,2.6578],"P":[8.2527,8.37549,24.42845,22.47764,28.33326,27.64714,31.4853,16.35493,12.67112,19.1763,16.59043,15.88415,12.35012,12.26509,11.38648,9.98785,10.31376,14.98559,10.65226,9.60147,5.14912,5.04628,4.12423,5.66016,9.2674,6.77955,3.1975,4.56059,4.06799,8.16079,3.58366,2.14787,16.49661,19.93426,8.49077,13.66537,11.14856,13.85408,9.60699,18.7947,13.36476,2.6578,0,4.87399,6.27457,3.77402,2.6578,13.76304,3.61678,0,3.61678,0,0,0,1.05665,0,0,0,0,0,0,0,0,0,0,0,0,0,0,0,0,0,0,0]},{"s":"Queer people who are \u201cHomosexual, gay or lesbian\u201d","c":"olive","l":[47.37249,83.29019],"n":[5,12,23,22,27,33,31,47,39,38,47,42,50,26,33,35,15,32,17,15,15,11,12,8,7,3,10,8,3,4,1,6,2,6,3,1,2,5,2,0,5,1,3,1,0,1,1,0,0,1,0,2,0,0,0,0,0,0,0,0,0,0,0,0,0,0,0,0,0,0,0,0,0,0],"p":[8,10,25,30,30,30,36,33,36,40,38,35,25,30,28,25,24,22,14,13,8,7,6,8,12,10,5,7,5,10,5,4,6,8,3,4,5,6,4,7,5,2,0,2,2,1,1,5,1,0,1,0,0,0,1,0,0,0,0,0,0,0,0,0,0,0,0,0,0,0,0,0,0,0],"N":[4.48736,9.52126,20.63204,17.25114,24.05817,25.11896,24.37509,12.34878,14.81769,15.36276,14.34619,12.84636,17.72621,10.28003,11.70908,11.23887,4.5444,19.00643,10.33487,10.07845,12.05598,5.20144,6.04708,4.46713,4.3074,1.72632,5.29747,1.63566,1.20239,2.66725,0.97766,4.9279,5.83297,4.38731,3.0386,1.01287,1.98323,19.98831,4.54336,0,11.91709,1.01287,8.13107,1.30493,0,0.92658,1.01287,0,0,1.05665,0,1.05665,0,0,0,0,0,0,0,0,0,0,0,0,0,0,0,0,0,0,0,0,0,0],"P":[8.2527,8.37549,24.42845,22.47764,28.33326,27.64714,31.4853,16.35493,12.67112,19.1763,16.59043,15.88415,12.35012,12.26509,11.38648,9.98785,10.31376,14.98559,10.65226,9.60147,5.14912,5.04628,4.12423,5.66016,9.2674,6.77955,3.1975,4.56059,4.06799,8.16079,3.58366,2.14787,16.49661,19.93426,8.49077,13.66537,11.14856,13.85408,9.60699,18.7947,13.36476,2.6578,0,4.87399,6.27457,3.77402,2.6578,13.76304,3.61678,0,3.61678,0,0,0,1.05665,0,0,0,0,0,0,0,0,0,0,0,0,0,0,0,0,0,0,0]},{"s":"\u201cHomosexual, gay or lesbian\u201d people who are queer","c":"orange","l":[46.07224,39.0625],"n":[7,12,12,25,25,26,20,37,31,32,27,31,43,24,33,22,13,32,20,7,15,16,13,12,7,8,11,15,10,6,5,10,6,10,7,8,5,4,4,1,3,6,4,4,2,2,0,2,2,1,0,0,1,0,1,0,0,0,0,0,0,0,0,0,0,0,0,0,0,0,0,0,0,0],"p":[8,10,25,30,30,30,36,33,36,40,38,35,25,30,28,25,24,22,14,13,8,7,6,8,12,10,5,7,5,10,5,4,6,8,3,4,5,6,4,7,5,2,0,2,2,1,1,5,1,0,1,0,0,0,1,0,0,0,0,0,0,0,0,0,0,0,0,0,0,0,0,0,0,0],"N":[5.19072,9.37555,9.61832,23.21868,23.34115,26.00289,15.15752,10.56719,14.32365,12.13531,8.53408,12.35352,13.43703,8.89528,11.28195,7.95636,4.40415,20.2391,17.32823,3.5952,11.78049,9.88104,9.54411,8.23399,6.68887,4.37629,6.91945,10.38408,6.77431,4.16741,5.41899,6.80888,16.46415,22.68809,16.70479,22.56578,11.66594,9.89135,10.14626,0.92658,4.59725,14.33906,10.75468,14.59528,6.27457,4.78689,0,3.71444,6.27457,0.92658,0,0,3.61678,0,2.6578,0,0,0,0,0,0,0,0,0,0,0,0,0,0,0,0,0,0,0],