{"name":"URTransFB","str":[[[0,0,0],"Trans if assigned female at birth",[0.5,0.1]]],"seq":[{"i":[0],"y":[0,8],"t":[1,1,1,1,1,0,0,0,0],"s":[1]},{"i":[1,2],"y":[0,11],"t":[1,1,1,1,1,1,0,0,0],"s":[1],"from":[0,0]},{"i":[3,4],"y":[0,16],"t":[1,1,1,1,1,1,1,1,1],"s":[1],"from":[1,2]}],"type":"AgeCat","x":[18,92],"bins":[18,21,25,34,44,58,82],"xt":[20,25,30,35,40,45,50,55,60,65,70,75],"yt":[0,2,4,6,8,10,12,14,16],"z":1.64485,"series":[{"s":"All respondents","c":"black","l":[34.31376,2.42933],"n":[54,95,147,247,250,277,309,449,386,422,429,431,462,403,431,423,310,389,335,285,273,260,261,215,199,186,187,211,150,171,153,144,157,116,118,122,128,125,73,108,114,88,75,86,63,47,55,59,47,44,29,31,29,18,18,14,7,8,0,5,4,0,2,0,2,1,0,0,0,0,0,0,0,1],"p":[1,5,11,10,9,9,12,14,9,10,9,9,17,6,13,5,6,5,4,3,2,2,2,3,1,1,1,6,0,1,0,2,1,2,2,0,0,0,0,0,2,0,0,0,0,0,1,0,0,0,0,0,0,0,0,0,0,0,0,0,0,0,0,0,0,0,0,0,0,0,0,0,0,0],"N":[41.2623,71.3855,115.03517,198.61146,202.41829,217.06012,247.6563,161.22648,154.22077,174.76709,173.67872,182.56728,184.16335,163.1271,178.18786,169.85215,132.34313,254.50899,225.33519,203.80501,181.66586,177.36301,181.1413,149.08679,144.14524,131.72554,137.14252,141.4988,97.87203,125.23391,101.55928,96.23695,377.33185,291.81885,341.9716,340.57341,324.62342,345.7197,182.80591,297.63659,306.87284,219.84651,171.86658,253.23472,165.97874,121.07123,127.41085,140.12423,108.60607,98.94823,68.22767,70.91323,73.90986,45.75479,45.79757,39.94903,19.61026,26.97199,0,13.09134,9.30638,0,4.87399,0,4.87399,1.01287,0,0,0,0,0,0,0,2.6578],"P":[0.86808,3.45919,9.35169,8.11484,5.46372,7.38396,10.61842,4.0518,1.97516,3.42727,2.44641,3.4287,4.38117,2.35228,3.94159,1.98424,1.60426,2.67274,2.58366,1.05123,1.59217,0.85583,0.99148,2.25261,0.79609,0.79609,0.22473,1.69609,0,0.22473,0,2.90869,2.21619,2.06952,2.02574,0,0,0,0,0,3.22906,0,0,0,0,0,1.01287,0,0,0,0,0,0,0,0,0,0,0,0,0,0,0,0,0,0,0,0,0,0,0,0,0,0,0]},{"s":"City","c":"indigo","l":[33.61589,3.07804],"n":[20,31,60,94,99,125,142,206,154,168,174,178,191,153,185,156,117,166,131,119,106,81,112,81,65,67,63,86,51,57,55,48,45,45,38,40,43,32,23,32,34,25,28,22,15,15,19,19,14,11,12,5,11,6,10,2,4,2,0,2,1,0,1,0,1,1,0,0,0,0,0,0,0,0],"p":[1,2,8,4,3,4,7,11,6,3,4,4,9,1,7,3,4,2,4,2,0,1,2,1,0,1,0,3,0,0,0,1,0,1,2,0,0,0,0,0,1,0,0,0,0,0,1,0,0,0,0,0,0,0,0,0,0,0,0,0,0,0,0,0,0,0,0,0,0,0,0,0,0,0],"N":[10.74521,19.87988,41.86375,63.50701,68.17272,88.13206,98.76747,64.77188,59.07784,65.8977,65.85921,64.81476,68.66214,55.77345,72.87824,58.50848,45.419,108.91602,91.26472,83.18958,68.80484,52.31911,76.03114,55.65777,44.55485,46.48223,42.02777,55.11826,30.69276,42.25291,36.26982,33.95709,126.5776,128.75253,99.39282,117.06641,113.14897,87.91421,54.54959,90.98086,85.9182,67.75501,64.79268,58.95944,44.93408,44.13265,45.8073,52.27541,33.91928,29.72368,31.89355,15.17787,34.3029,17.83567,26.57796,3.67066,12.52008,5.31559,0,5.31559,2.6578,0,2.6578,0,2.6578,1.01287,0,0,0,0,0,0,0,0],"P":[0.86808,0.95316,6.723,2.66024,1.45247,3.25067,5.29357,3.08882,0.92922,1.03771,1.51098,1.51098,1.75086,0.47326,1.78455,1.03771,1.37317,0.99148,2.58366,0.39079,0,0.1954,0.99148,0.79609,0,0.79609,0,0.58619,0,0,0,0.79609,0,1.01287,2.02574,0,0,0,0,0,1.01287,0,0,0,0,0,1.01287,0,0,0,0,0,0,0,0,0,0,0,0,0,0,0,0,0,0,0,0,0,0,0,0,0,0,0]},{"s":"Countryside","c":"olive","l":[29.80936,0.70261],"n":[5,10,16,25,30,30,42,63,59,79,59,72,75,66,62,90,60,73,50,51,49,56,44,41,40,42,42,45,33,37,23,28,40,15,20,29,31,34,15,22,28,18,16,20,19,8,14,18,10,12,3,11,5,6,1,3,1,0,0,0,2,0,1,0,1,0,0,0,0,0,0,0,0,0],"p":[0,1,0,1,0,0,3,2,1,2,2,2,3,0,3,0,2,2,0,1,0,1,0,1,0,0,0,3,0,1,0,1,1,0,0,0,0,0,0,0,1,0,0,0,0,0,0,0,0,0,0,0,0,0,0,0,0,0,0,0,0,0,0,0,0,0,0,0,0,0,0,0,0,0],"N":[5.57651,10.44813,17.09276,27.13159,36.08323,32.00321,46.62121,27.29178,27.53828,30.29555,28.10421,36.42155,35.2421,29.4217,28.95953,36.68976,28.32341,41.24049,32.91819,34.40799,28.00427,38.45701,29.34924,28.23934,31.37567,29.33548,27.61369,27.10534,21.21306,24.60216,14.31859,16.31366,79.37137,30.92381,43.16432,74.5835,81.33497,96.61914,32.08335,60.22969,59.73432,46.20797,34.29955,44.32387,48.42416,17.72955,29.86716,35.2533,22.16193,25.43477,6.64858,23.21858,9.92142,13.29716,1.05665,6.64858,2.21619,0,0,0,4.43239,0,2.21619,0,2.21619,0,0,0,0,0,0,0,0,0],"P":[0,1.11419,0,1.11419,0,0,3.34257,0.96298,0.48149,0.23109,0.23109,0.96298,1.07852,0,1.07852,0,0.23109,0.88517,0,0.66043,0,0.66043,0,0.66043,0,0,0,1.1099,0,0.22473,0,2.1126,2.21619,0,0,0,0,0,0,0,2.21619,0,0,0,0,0,0,0,0,0,0,0,0,0,0,0,0,0,0,0,0,0,0,0,0,0,0,0,0,0,0,0,0,0]},{"s":"City (2021)","c":"indigo","l":[33.04491,4.14583],"n":[8,12,27,34,39,40,66,125,79,70,70,76,99,75,85,63,48,77,65,47,42,41,56,37,30,25,25,43,25,15,21,19,15,22,14,22,16,13,12,10,13,12,11,5,8,3,11,10,10,5,5,3,2,5,5,1,2,1,0,2,0,0,0,0,0,1,0,0,0,0,0,0,0,0],"p":[1,1,4,2,2,1,4,7,6,2,0,3,5,0,4,2,2,1,3,2,0,1,1,1,0,1,0,2,0,0,0,1,0,1,2,0,0,0,0,0,1,0,0,0,0,0,0,0,0,0,0,0,0,0,0,0,0,0,0,0,0,0,0,0,0,0,0,0,0,0,0,0,0,0],"N":[3.8581,7.67011,17.79537,21.18524,28.75932,27.01492,43.13044,36.33689,29.71188,27.61662,27.27525,25.98094,31.47617,27.2614,33.08069,20.25121,17.08883,44.59573,43.20596,28.69975,25.95084,23.95337,35.32252,22.49232,20.5138,16.85852,14.45577,24.7873,13.0281,10.67963,11.81343,13.29343,39.75533,55.00051,35.58497,69.09372,39.96677,29.86053,26.95877,21.88714,27.97163,28.49209,21.01111,9.99912,24.44062,4.68353,22.65604,30.00017,24.93303,13.53294,13.28898,9.86228,5.31559,15.17787,13.28898,2.6578,5.31559,2.6578,0,5.31559,0,0,0,0,0,1.01287,0,0,0,0,0,0,0,0],"P":[0.86808,0.64642,3.25067,0.92407,1.17482,0.86808,3.25067,1.71565,0.92922,0.56445,0,1.03771,1.1512,0,0.74683,0.56445,0.49555,0.79609,1.78757,0.39079,0,0.1954,0.79609,0.79609,0,0.79609,0,0.39079,0,0,0,0.79609,0,1.01287,2.02574,0,0,0,0,0,1.01287,0,0,0,0,0,0,0,0,0,0,0,0,0,0,0,0,0,0,0,0,0,0,0,0,0,0,0,0,0,0,0,0,0]},{"s":"Countryside (2021)","c":"olive","l":[28.50879,0.5625],"n":[0,5,8,9,12,10,17,35,36,34,29,30,37,36,27,55,34,33,22,23,24,21,26,22,15,21,19,22,20,16,11,11,21,6,5,11,14,14,6,13,9,9,6,5,6,2,7,7,4,6,0,7,2,3,1,3,0,0,0,0,0,0,1,0,0,0,0,0,0,0,0,0,0,0],"p":[0,1,0,1,0,0,1,0,0,0,1,1,2,0,3,0,1,1,0,0,0,1,0,0,0,0,0,2,0,0,0,1,1,0,0,0,0,0,0,0,1,0,0,0,0,0,0,0,0,0,0,0,0,0,0,0,0,0,0,0,0,0,0,0,0,0,0,0,0,0,0,0,0,0],"N":[0,4.87717,8.87856,9.33394,14.69904,11.10695,19.53569,14.23326,14.54879,16.31339,12.4994,14.50697,16.51728,14.54879,12.41106,20.03763,15.27279,18.74443,13.82424,14.46365,12.80052,15.19674,16.00925,13.22245,13.84834,14.44989,10.36975,11.91535,12.48235,9.25985,6.39338,5.52197,38.42324,12.13761,11.08097,30.69462,36.18365,29.86716,12.13761,40.28395,18.78619,18.78619,12.13761,11.08097,20.7732,4.43239,14.35381,13.19426,8.86477,12.13761,0,14.35381,4.43239,6.64858,1.05665,6.64858,0,0,0,0,0,0,2.21619,0,0,0,0,0,0,0,0,0,0,0],"P":[0,1.11419,0,1.11419,0,0,1.11419,0,0,0,0.11554,0.48149,0.59703,0,1.07852,0,0.11554,0.66043,0,0,0,0.66043,0,0,0,0,0,0.44947,0,0,0,2.1126,2.21619,0,0,0,0,0,0,0,2.21619,0,0,0,0,0,0,0,0,0,0,0,0,0,0,0,0,0,0,0,0,0,0,0,0,0,0,0,0,0,0,0,0,0]}],