{
    "name": "YearHetero",
    "str": [
        [
            [
                0,
                0,
                0
            ],
            "Heteronormatively attracted",
            [
                0.5,
                0.83
            ]
        ]
    ],
    "seq": [
        {
            "i": [
                0
            ],
            "y": [
                61,
                90
            ],
            "t": [
                0,
                0,
                1,
                1,
                0,
                1,
                1,
                1,
                1,
                1,
                0,
                1,
                1,
                1,
                1,
                1,
                0,
                1,
                1,
                1
            ],
            "s": [
                1
            ]
        },
        {
            "i": [
                0,
                1
            ],
            "y": [
                52,
                90
            ],
            "t": [
                1,
                1,
                0,
                0,
                1,
                0,
                0,
                1,
                0,
                0,
                1,
                0,
                0,
                1,
                0,
                0,
                1,
                0,
                0,
                1
            ],
            "s": [
                1
            ],
            "from": [
                0,
                0
            ]
        }
    ],
    "type": "AgeCat",
    "x": [
        18,
        92
    ],
    "bins": [
        18,
        26,
        40,
        54,
        66,
        78
    ],
    "xt": [
        20,
        25,
        30,
        35,
        40,
        45,
        50,
        55,
        60,
        65,
        70,
        75,
        80,
        85,
        90,
        95
    ],
    "yt": [
        55,
        60,
        62,
        64,
        65,
        66,
        68,
        70,
        72,
        74,
        75,
        76,
        78,
        80,
        82,
        84,
        85,
        86,
        88,
        90
    ],
    "z": 1.644,
    "series": [
        {
            "s": "2018–19",
            "c": "teal",
            "l": [
                31.04052,
                69.82432
            ],
            "n": [
                27,
                32,
                57,
                72,
                100,
                111,
                114,
                140,
                124,
                178,
                183,
                169,
                152,
                125,
                129,
                113,
                91,
                118,
                83,
                65,
                85,
                68,
                70,
                48,
                54,
                46,
                42,
                44,
                19,
                39,
                26,
                40,
                39,
                31,
                27,
                17,
                29,
                27,
                13,
                20,
                23,
                15,
                13,
                16,
                12,
                7,
                12,
                11,
                5,
                6,
                3,
                0,
                5,
                1,
                3,
                0,
                0,
                0,
                1,
                1,
                1,
                0,
                0,
                1,
                0,
                0,
                0,
                0,
                0,
                0,
                0,
                0,
                0,
                1
            ],
            "p": [
                41,
                63,
                107,
                157,
                175,
                191,
                173,
                232,
                219,
                259,
                292,
                292,
                309,
                255,
                300,
                306,
                245,
                279,
                244,
                214,
                192,
                190,
                174,
                143,
                152,
                136,
                129,
                137,
                120,
                140,
                110,
                107,
                97,
                84,
                84,
                91,
                95,
                101,
                57,
                82,
                71,
                60,
                52,
                57,
                48,
                37,
                38,
                40,
                36,
                28,
                28,
                25,
                19,
                11,
                11,
                9,
                5,
                9,
                2,
                0,
                5,
                0,
                1,
                0,
                3,
                0,
                0,
                0,
                0,
                0,
                0,
                0,
                0,
                0
            ],
            "N": [
                27,
                32,
                57,
                72,
                100,
                111,
                114,
                140,
                124,
                178,
                183,
                169,
                152,
                125,
                129,
                113,
                91,
                118,
                83,
                65,
                85,
                68,
                70,
                48,
                54,
                46,
                42,
                44,
                19,
                39,
                26,
                40,
                39,
                31,
                27,
                17,
                29,
                27,
                13,
                20,
                23,
                15,
                13,
                16,
                12,
                7,
                12,
                11,
                5,
                6,
                3,
                0,
                5,
                1,
                3,
                0,
                0,
                0,
                1,
                1,
                1,
                0,
                0,
                1,
                0,
                0,
                0,
                0,
                0,
                0,
                0,
                0,
                0,
                1
            ],