{
    "name": "YearQueer",
    "str": [
        [
            [
                0,
                0,
                0
            ],
            "\u201cDo you identify as queer?\u201d",
            [
                0.5,
                0.83
            ]
        ]
    ],
    "seq": [
        {
            "i": [
                0
            ],
            "y": [
                0,
                14
            ],
            "t": [
                1,
                1,
                1,
                1,
                1,
                1,
                1,
                1,
                0,
                0
            ],
            "s": [
                1
            ]
        },
        {
            "i": [
                0,
                1
            ],
            "y": [
                0,
                18
            ],
            "t": [
                1,
                1,
                1,
                1,
                1,
                1,
                1,
                1,
                1,
                1
            ],
            "s": [
                1
            ],
            "from": [
                0,
                0
            ]
        }
    ],
    "type": "AgeCat",
    "x": [
        18,
        92
    ],
    "bins": [
        18,
        22,
        29,
        47,
        60,
        78
    ],
    "xt": [
        20,
        25,
        30,
        35,
        40,
        45,
        50,
        55,
        60,
        65,
        70,
        75,
        80,
        85,
        90,
        95
    ],
    "yt": [
        0,
        2,
        4,
        6,
        8,
        10,
        12,
        14,
        16,
        18
    ],
    "z": 1.64485,
    "series": [
        {
            "s": "2018–19",
            "c": "teal",
            "l": [
                30.12626,
                5.85938
            ],
            "n": [
                63,
                87,
                135,
                208,
                249,
                268,
                255,
                338,
                318,
                399,
                432,
                416,
                430,
                351,
                406,
                400,
                319,
                377,
                317,
                261,
                264,
                246,
                237,
                183,
                195,
                176,
                165,
                175,
                136,
                168,
                133,
                141,
                132,
                108,
                109,
                107,
                121,
                124,
                66,
                98,
                90,
                73,
                63,
                71,
                59,
                44,
                49,
                49,
                41,
                34,
                30,
                25,
                24,
                12,
                14,
                9,
                5,
                9,
                3,
                1,
                6,
                0,
                1,
                1,
                3,
                0,
                0,
                0,
                0,
                0,
                0,
                0,
                0,
                1
            ],
            "p": [
                5,
                8,
                29,
                21,
                26,
                34,
                32,
                34,
                25,
                38,
                43,
                45,
                31,
                29,
                23,
                19,
                17,
                20,
                10,
                18,
                13,
                12,
                7,
                8,
                11,
                6,
                6,
                6,
                3,
                11,
                3,
                6,
                4,
                7,
                2,
                1,
                3,
                4,
                4,
                4,
                4,
                2,
                2,
                2,
                1,
                0,
                1,
                2,
                0,
                0,
                1,
                0,
                0,
                0,
                0,
                0,
                0,
                0,
                0,
                0,
                0,
                0,
                0,
                0,
                0,
                0,
                0,
                0,
                0,
                0,
                0,
                0,
                0,
                0
            ],
            "N": [
                63,
                87,
                135,
                208,
                249,
                268,
                255,
                338,
                318,
                399,
                432,
                416,
                430,
                351,
                406,
                400,
                319,
                377,
                317,
                261,
                264,
                246,
                237,
                183,
                195,
                176,
                165,
                175,
                136,
                168,
                133,
                141,
                132,
                108,
                109,
                107,
                121,
                124,
                66,
                98,
                90,
                73,
                63,
                71,
                59,
                44,
                49,
                49,
                41,
                34,
                30,
                25,
                24,
                12,
                14,
                9,
                5,
                9,
                3,
                1,
                6,
                0,
                1,
                1,
                3,
                0,
                0,
                0,
                0,
                0,
                0,
                0,
                0,
                1
            ],
            "P": [
                5,
                8,
                29,
                21,
                26,
                34,
                32,
                34,
                25,
                38,
                43,
                45,
                31,
                29,
                23,
                19,
                17,
                20,
                10,
                18,
                13,
                12,
                7,
                8,
                11,
                6,
                6,
                6,
                3,
                11,
                3,
                6,
                4,
                7,
                2,
                1,
                3,
                4,
                4,
                4,
                4,
                2,
                2,
                2,
                1,
                0,
                1,
                2,
                0,
                0,
                1,
                0,
                0,
                0,
                0,
                0,
                0,
                0,
                0,
                0,
                0,
                0,
                0,
                0,
                0,
                0,
                0,
                0,
                0,
                0,
                0,
                0,
                0,
                0
            ]
        },
        {
            "s": "2020–21",
            "c": "indigo",